0,-20.0452,-2.31462
1,-20.0452,-0.771541
2,-20.0452,0.771541
3,-20.0452,2.31462
4,-19.1543,-5.40079
5,-19.5998,-4.62925
6,-19.1543,-3.8577
7,-19.5998,-3.08616
8,-19.1543,-2.31462
9,-19.5998,-1.54308
10,-19.1543,-0.771541
11,-19.5998,0
12,-19.1543,0.771541
13,-19.5998,1.54308
14,-19.1543,2.31462
15,-19.5998,3.08616
16,-19.1543,3.8577
17,-19.5998,4.62925
18,-19.1543,5.40079
19,-18.2634,-8.48695
20,-18.7089,-7.71541
21,-18.2634,-6.94387
22,-18.7089,-6.17233
23,-18.2634,-5.40079
24,-18.7089,-4.62925
25,-18.2634,-3.8577
26,-18.7089,-3.08616
27,-18.2634,-2.31462
28,-18.7089,-1.54308
29,-18.2634,-0.771541
30,-18.7089,0
31,-18.2634,0.771541
32,-18.7089,1.54308
33,-18.2634,2.31462
34,-18.7089,3.08616
35,-18.2634,3.8577
36,-18.7089,4.62925
37,-18.2634,5.40079
38,-18.7089,6.17233
39,-18.2634,6.94387
40,-18.7089,7.71541
41,-18.2634,8.48695
42,-17.3725,-10.03
43,-17.818,-9.25849
44,-17.3725,-8.48695
45,-17.818,-7.71541
46,-17.3725,-6.94387
47,-17.818,-6.17233
48,-17.3725,-5.40079
49,-17.818,-4.62925
50,-17.3725,-3.8577
51,-17.818,-3.08616
52,-17.3725,-2.31462
53,-17.818,-1.54308
54,-17.3725,-0.771541
55,-17.818,0
56,-17.3725,0.771541
57,-17.818,1.54308
58,-17.3725,2.31462
59,-17.818,3.08616
60,-17.3725,3.8577
61,-17.818,4.62925
62,-17.3725,5.40079
63,-17.818,6.17233
64,-17.3725,6.94387
65,-17.818,7.71541
66,-17.3725,8.48695
67,-17.818,9.25849
68,-17.3725,10.03
69,-16.4816,-11.5731
70,-16.9271,-10.8016
71,-16.4816,-10.03
72,-16.9271,-9.25849
73,-16.4816,-8.48695
74,-16.9271,-7.71541
75,-16.4816,-6.94387
76,-16.9271,-6.17233
77,-16.4816,-5.40079
78,-16.9271,-4.62925
79,-16.4816,-3.8577
80,-16.9271,-3.08616
81,-16.4816,-2.31462
82,-16.9271,-1.54308
83,-16.4816,-0.771541
84,-16.9271,0
85,-16.4816,0.771541
86,-16.9271,1.54308
87,-16.4816,2.31462
88,-16.9271,3.08616
89,-16.4816,3.8577
90,-16.9271,4.62925
91,-16.4816,5.40079
92,-16.9271,6.17233
93,-16.4816,6.94387
94,-16.9271,7.71541
95,-16.4816,8.48695
96,-16.9271,9.25849
97,-16.4816,10.03
98,-16.9271,10.8016
99,-16.4816,11.5731
100,-16.0362,-12.3447
101,-15.5907,-11.5731
102,-16.0362,-10.8016
103,-15.5907,-10.03
104,-16.0362,-9.25849
105,-15.5907,-8.48695
106,-16.0362,-7.71541
107,-15.5907,-6.94387
108,-16.0362,-6.17233
109,-15.5907,-5.40079
110,-16.0362,-4.62925
111,-15.5907,-3.8577
112,-16.0362,-3.08616
113,-15.5907,-2.31462
114,-16.0362,-1.54308
115,-15.5907,-0.771541
116,-16.0362,0
117,-15.5907,0.771541
118,-16.0362,1.54308
119,-15.5907,2.31462
120,-16.0362,3.08616
121,-15.5907,3.8577
122,-16.0362,4.62925
123,-15.5907,5.40079
124,-16.0362,6.17233
125,-15.5907,6.94387
126,-16.0362,7.71541
127,-15.5907,8.48695
128,-16.0362,9.25849
129,-15.5907,10.03
130,-16.0362,10.8016
131,-15.5907,11.5731
132,-16.0362,12.3447
133,-14.6998,-13.1162
134,-15.1453,-12.3447
135,-14.6998,-11.5731
136,-15.1453,-10.8016
137,-14.6998,-10.03
138,-15.1453,-9.25849
139,-14.6998,-8.48695
140,-15.1453,-7.71541
141,-14.6998,-6.94387
142,-15.1453,-6.17233
143,-14.6998,-5.40079
144,-15.1453,-4.62925
145,-14.6998,-3.8577
146,-15.1453,-3.08616
147,-14.6998,-2.31462
148,-15.1453,-1.54308
149,-14.6998,-0.771541
150,-15.1453,0
151,-14.6998,0.771541
152,-15.1453,1.54308
153,-14.6998,2.31462
154,-15.1453,3.08616
155,-14.6998,3.8577
156,-15.1453,4.62925
157,-14.6998,5.40079
158,-15.1453,6.17233
159,-14.6998,6.94387
160,-15.1453,7.71541
161,-14.6998,8.48695
162,-15.1453,9.25849
163,-14.6998,10.03
164,-15.1453,10.8016
165,-14.6998,11.5731
166,-15.1453,12.3447
167,-14.6998,13.1162
168,-13.8089,-14.6593
169,-14.2544,-13.8877
170,-13.8089,-13.1162
171,-14.2544,-12.3447
172,-13.8089,-11.5731
173,-14.2544,-10.8016
174,-13.8089,-10.03
175,-14.2544,-9.25849
176,-13.8089,-8.48695
177,-14.2544,-7.71541
178,-13.8089,-6.94387
179,-14.2544,-6.17233
180,-13.8089,-5.40079
181,-14.2544,-4.62925
182,-13.8089,-3.8577
183,-14.2544,-3.08616
184,-13.8089,-2.31462
185,-14.2544,-1.54308
186,-13.8089,-0.771541
187,-14.2544,0
188,-13.8089,0.771541
189,-14.2544,1.54308
190,-13.8089,2.31462
191,-14.2544,3.08616
192,-13.8089,3.8577
193,-14.2544,4.62925
194,-13.8089,5.40079
195,-14.2544,6.17233
196,-13.8089,6.94387
197,-14.2544,7.71541
198,-13.8089,8.48695
199,-14.2544,9.25849
200,-13.8089,10.03
201,-14.2544,10.8016
202,-13.8089,11.5731
203,-14.2544,12.3447
204,-13.8089,13.1162
205,-14.2544,13.8877
206,-13.8089,14.6593
207,-12.918,-14.6593
208,-13.3635,-13.8877
209,-12.918,-13.1162
210,-13.3635,-12.3447
211,-12.918,-11.5731
212,-13.3635,-10.8016
213,-12.918,-10.03
214,-13.3635,-9.25849
215,-12.918,-8.48695
216,-13.3635,-7.71541
217,-12.918,-6.94387
218,-13.3635,-6.17233
219,-12.918,-5.40079
220,-13.3635,-4.62925
221,-12.918,-3.8577
222,-13.3635,-3.08616
223,-12.918,-2.31462
224,-13.3635,-1.54308
225,-12.918,-0.771541
226,-13.3635,0
227,-12.918,0.771541
228,-13.3635,1.54308
229,-12.918,2.31462
230,-13.3635,3.08616
231,-12.918,3.8577
232,-13.3635,4.62925
233,-12.918,5.40079
234,-13.3635,6.17233
235,-12.918,6.94387
236,-13.3635,7.71541
237,-12.918,8.48695
238,-13.3635,9.25849
239,-12.918,10.03
240,-13.3635,10.8016
241,-12.918,11.5731
242,-13.3635,12.3447
243,-12.918,13.1162
244,-13.3635,13.8877
245,-12.918,14.6593
246,-12.0271,-16.2024
247,-12.4726,-15.4308
248,-12.0271,-14.6593
249,-12.4726,-13.8877
250,-12.0271,-13.1162
251,-12.4726,-12.3447
252,-12.0271,-11.5731
253,-12.4726,-10.8016
254,-12.0271,-10.03
255,-12.4726,-9.25849
256,-12.0271,-8.48695
257,-12.4726,-7.71541
258,-12.0271,-6.94387
259,-12.4726,-6.17233
260,-12.0271,-5.40079
261,-12.4726,-4.62925
262,-12.0271,-3.8577
263,-12.4726,-3.08616
264,-12.0271,-2.31462
265,-12.4726,-1.54308
266,-12.0271,-0.771541
267,-12.4726,0
268,-12.0271,0.771541
269,-12.4726,1.54308
270,-12.0271,2.31462
271,-12.4726,3.08616
272,-12.0271,3.8577
273,-12.4726,4.62925
274,-12.0271,5.40079
275,-12.4726,6.17233
276,-12.0271,6.94387
277,-12.4726,7.71541
278,-12.0271,8.48695
279,-12.4726,9.25849
280,-12.0271,10.03
281,-12.4726,10.8016
282,-12.0271,11.5731
283,-12.4726,12.3447
284,-12.0271,13.1162
285,-12.4726,13.8877
286,-12.0271,14.6593
287,-12.4726,15.4308
288,-12.0271,16.2024
289,-11.1362,-16.2024
290,-11.5817,-15.4308
291,-11.1362,-14.6593
292,-11.5817,-13.8877
293,-11.1362,-13.1162
294,-11.5817,-12.3447
295,-11.1362,-11.5731
296,-11.5817,-10.8016
297,-11.1362,-10.03
298,-11.5817,-9.25849
299,-11.1362,-8.48695
300,-11.5817,-7.71541
301,-11.1362,-6.94387
302,-11.5817,-6.17233
303,-11.1362,-5.40079
304,-11.5817,-4.62925
305,-11.1362,-3.8577
306,-11.5817,-3.08616
307,-11.1362,-2.31462
308,-11.5817,-1.54308
309,-11.1362,-0.771541
310,-11.5817,0
311,-11.1362,0.771541
312,-11.5817,1.54308
313,-11.1362,2.31462
314,-11.5817,3.08616
315,-11.1362,3.8577
316,-11.5817,4.62925
317,-11.1362,5.40079
318,-11.5817,6.17233
319,-11.1362,6.94387
320,-11.5817,7.71541
321,-11.1362,8.48695
322,-11.5817,9.25849
323,-11.1362,10.03
324,-11.5817,10.8016
325,-11.1362,11.5731
326,-11.5817,12.3447
327,-11.1362,13.1162
328,-11.5817,13.8877
329,-11.1362,14.6593
330,-11.5817,15.4308
331,-11.1362,16.2024
332,-10.6908,-16.9739
333,-10.2453,-16.2024
334,-10.6908,-15.4308
335,-10.2453,-14.6593
336,-10.6908,-13.8877
337,-10.2453,-13.1162
338,-10.6908,-12.3447
339,-10.2453,-11.5731
340,-10.6908,-10.8016
341,-10.2453,-10.03
342,-10.6908,-9.25849
343,-10.2453,-8.48695
344,-10.6908,-7.71541
345,-10.2453,-6.94387
346,-10.6908,-6.17233
347,-10.2453,-5.40079
348,-10.6908,-4.62925
349,-10.2453,-3.8577
350,-10.6908,-3.08616
351,-10.2453,-2.31462
352,-10.6908,-1.54308
353,-10.2453,-0.771541
354,-10.6908,0
355,-10.2453,0.771541
356,-10.6908,1.54308
357,-10.2453,2.31462
358,-10.6908,3.08616
359,-10.2453,3.8577
360,-10.6908,4.62925
361,-10.2453,5.40079
362,-10.6908,6.17233
363,-10.2453,6.94387
364,-10.6908,7.71541
365,-10.2453,8.48695
366,-10.6908,9.25849
367,-10.2453,10.03
368,-10.6908,10.8016
369,-10.2453,11.5731
370,-10.6908,12.3447
371,-10.2453,13.1162
372,-10.6908,13.8877
373,-10.2453,14.6593
374,-10.6908,15.4308
375,-10.2453,16.2024
376,-10.6908,16.9739
377,-9.35444,-17.7454
378,-9.79989,-16.9739
379,-9.35444,-16.2024
380,-9.79989,-15.4308
381,-9.35444,-14.6593
382,-9.79989,-13.8877
383,-9.35444,-13.1162
384,-9.79989,-12.3447
385,-9.35444,-11.5731
386,-9.79989,-10.8016
387,-9.35444,-10.03
388,-9.79989,-9.25849
389,-9.35444,-8.48695
390,-9.79989,-7.71541
391,-9.35444,-6.94387
392,-9.79989,-6.17233
393,-9.35444,-5.40079
394,-9.79989,-4.62925
395,-9.35444,-3.8577
396,-9.79989,-3.08616
397,-9.35444,-2.31462
398,-9.79989,-1.54308
399,-9.35444,-0.771541
400,-9.79989,0
401,-9.35444,0.771541
402,-9.79989,1.54308
403,-9.35444,2.31462
404,-9.79989,3.08616
405,-9.35444,3.8577
406,-9.79989,4.62925
407,-9.35444,5.40079
408,-9.79989,6.17233
409,-9.35444,6.94387
410,-9.79989,7.71541
411,-9.35444,8.48695
412,-9.79989,9.25849
413,-9.35444,10.03
414,-9.79989,10.8016
415,-9.35444,11.5731
416,-9.79989,12.3447
417,-9.35444,13.1162
418,-9.79989,13.8877
419,-9.35444,14.6593
420,-9.79989,15.4308
421,-9.35444,16.2024
422,-9.79989,16.9739
423,-9.35444,17.7454
424,-8.46354,-17.7454
425,-8.90899,-16.9739
426,-8.46354,-16.2024
427,-8.90899,-15.4308
428,-8.46354,-14.6593
429,-8.90899,-13.8877
430,-8.46354,-13.1162
431,-8.90899,-12.3447
432,-8.46354,-11.5731
433,-8.90899,-10.8016
434,-8.46354,-10.03
435,-8.90899,-9.25849
436,-8.46354,-8.48695
437,-8.90899,-7.71541
438,-8.46354,-6.94387
439,-8.90899,-6.17233
440,-8.46354,-5.40079
441,-8.90899,-4.62925
442,-8.46354,-3.8577
443,-8.90899,-3.08616
444,-8.46354,-2.31462
445,-8.90899,-1.54308
446,-8.46354,-0.771541
447,-8.90899,0
448,-8.46354,0.771541
449,-8.90899,1.54308
450,-8.46354,2.31462
451,-8.90899,3.08616
452,-8.46354,3.8577
453,-8.90899,4.62925
454,-8.46354,5.40079
455,-8.90899,6.17233
456,-8.46354,6.94387
457,-8.90899,7.71541
458,-8.46354,8.48695
459,-8.90899,9.25849
460,-8.46354,10.03
461,-8.90899,10.8016
462,-8.46354,11.5731
463,-8.90899,12.3447
464,-8.46354,13.1162
465,-8.90899,13.8877
466,-8.46354,14.6593
467,-8.90899,15.4308
468,-8.46354,16.2024
469,-8.90899,16.9739
470,-8.46354,17.7454
471,-8.01809,-18.517
472,-7.57264,-17.7454
473,-8.01809,-16.9739
474,-7.57264,-16.2024
475,-8.01809,-15.4308
476,-7.57264,-14.6593
477,-8.01809,-13.8877
478,-7.57264,-13.1162
479,-8.01809,-12.3447
480,-7.57264,-11.5731
481,-8.01809,-10.8016
482,-7.57264,-10.03
483,-8.01809,-9.25849
484,-7.57264,-8.48695
485,-8.01809,-7.71541
486,-7.57264,-6.94387
487,-8.01809,-6.17233
488,-7.57264,-5.40079
489,-8.01809,-4.62925
490,-7.57264,-3.8577
491,-8.01809,-3.08616
492,-7.57264,-2.31462
493,-8.01809,-1.54308
494,-7.57264,-0.771541
495,-8.01809,0
496,-7.57264,0.771541
497,-8.01809,1.54308
498,-7.57264,2.31462
499,-8.01809,3.08616
500,-7.57264,3.8577
501,-8.01809,4.62925
502,-7.57264,5.40079
503,-8.01809,6.17233
504,-7.57264,6.94387
505,-8.01809,7.71541
506,-7.57264,8.48695
507,-8.01809,9.25849
508,-7.57264,10.03
509,-8.01809,10.8016
510,-7.57264,11.5731
511,-8.01809,12.3447
512,-7.57264,13.1162
513,-8.01809,13.8877
514,-7.57264,14.6593
515,-8.01809,15.4308
516,-7.57264,16.2024
517,-8.01809,16.9739
518,-7.57264,17.7454
519,-8.01809,18.517
520,-7.12719,-18.517
521,-6.68174,-17.7454
522,-7.12719,-16.9739
523,-6.68174,-16.2024
524,-7.12719,-15.4308
525,-6.68174,-14.6593
526,-7.12719,-13.8877
527,-6.68174,-13.1162
528,-7.12719,-12.3447
529,-6.68174,-11.5731
530,-7.12719,-10.8016
531,-6.68174,-10.03
532,-7.12719,-9.25849
533,-6.68174,-8.48695
534,-7.12719,-7.71541
535,-6.68174,-6.94387
536,-7.12719,-6.17233
537,-6.68174,-5.40079
538,-7.12719,-4.62925
539,-6.68174,-3.8577
540,-7.12719,-3.08616
541,-6.68174,-2.31462
542,-7.12719,-1.54308
543,-6.68174,-0.771541
544,-7.12719,0
545,-6.68174,0.771541
546,-7.12719,1.54308
547,-6.68174,2.31462
548,-7.12719,3.08616
549,-6.68174,3.8577
550,-7.12719,4.62925
551,-6.68174,5.40079
552,-7.12719,6.17233
553,-6.68174,6.94387
554,-7.12719,7.71541
555,-6.68174,8.48695
556,-7.12719,9.25849
557,-6.68174,10.03
558,-7.12719,10.8016
559,-6.68174,11.5731
560,-7.12719,12.3447
561,-6.68174,13.1162
562,-7.12719,13.8877
563,-6.68174,14.6593
564,-7.12719,15.4308
565,-6.68174,16.2024
566,-7.12719,16.9739
567,-6.68174,17.7454
568,-7.12719,18.517
569,-5.79084,-19.2885
570,-6.23629,-18.517
571,-5.79084,-17.7454
572,-6.23629,-16.9739
573,-5.79084,-16.2024
574,-6.23629,-15.4308
575,-5.79084,-14.6593
576,-6.23629,-13.8877
577,-5.79084,-13.1162
578,-6.23629,-12.3447
579,-5.79084,-11.5731
580,-6.23629,-10.8016
581,-5.79084,-10.03
582,-6.23629,-9.25849
583,-5.79084,-8.48695
584,-6.23629,-7.71541
585,-5.79084,-6.94387
586,-6.23629,-6.17233
587,-5.79084,-5.40079
588,-6.23629,-4.62925
589,-5.79084,-3.8577
590,-6.23629,-3.08616
591,-5.79084,-2.31462
592,-6.23629,-1.54308
593,-5.79084,-0.771541
594,-6.23629,0
595,-5.79084,0.771541
596,-6.23629,1.54308
597,-5.79084,2.31462
598,-6.23629,3.08616
599,-5.79084,3.8577
600,-6.23629,4.62925
601,-5.79084,5.40079
602,-6.23629,6.17233
603,-5.79084,6.94387
604,-6.23629,7.71541
605,-5.79084,8.48695
606,-6.23629,9.25849
607,-5.79084,10.03
608,-6.23629,10.8016
609,-5.79084,11.5731
610,-6.23629,12.3447
611,-5.79084,13.1162
612,-6.23629,13.8877
613,-5.79084,14.6593
614,-6.23629,15.4308
615,-5.79084,16.2024
616,-6.23629,16.9739
617,-5.79084,17.7454
618,-6.23629,18.517
619,-4.89994,-19.2885
620,-5.34539,-18.517
621,-4.89994,-17.7454
622,-5.34539,-16.9739
623,-4.89994,-16.2024
624,-5.34539,-15.4308
625,-4.89994,-14.6593
626,-5.34539,-13.8877
627,-4.89994,-13.1162
628,-5.34539,-12.3447
629,-4.89994,-11.5731
630,-5.34539,-10.8016
631,-4.89994,-10.03
632,-5.34539,-9.25849
633,-4.89994,-8.48695
634,-5.34539,-7.71541
635,-4.89994,-6.94387
636,-5.34539,-6.17233
637,-4.89994,-5.40079
638,-5.34539,-4.62925
639,-4.89994,-3.8577
640,-5.34539,-3.08616
641,-4.89994,-2.31462
642,-5.34539,-1.54308
643,-5.34539,0
644,-5.34539,1.54308
645,-4.89994,2.31462
646,-5.34539,3.08616
647,-4.89994,3.8577
648,-5.34539,4.62925
649,-4.89994,5.40079
650,-5.34539,6.17233
651,-4.89994,6.94387
652,-5.34539,7.71541
653,-4.89994,8.48695
654,-5.34539,9.25849
655,-4.89994,10.03
656,-5.34539,10.8016
657,-4.89994,11.5731
658,-5.34539,12.3447
659,-4.89994,13.1162
660,-5.34539,13.8877
661,-4.89994,14.6593
662,-5.34539,15.4308
663,-4.89994,16.2024
664,-5.34539,16.9739
665,-4.89994,17.7454
666,-5.34539,18.517
667,-4.00904,-19.2885
668,-4.45449,-18.517
669,-4.00904,-17.7454
670,-4.45449,-16.9739
671,-4.00904,-16.2024
672,-4.45449,-15.4308
673,-4.00904,-14.6593
674,-4.45449,-13.8877
675,-4.00904,-13.1162
676,-4.45449,-12.3447
677,-4.00904,-11.5731
678,-4.45449,-10.8016
679,-4.00904,-10.03
680,-4.45449,-9.25849
681,-4.00904,-8.48695
682,-4.45449,-7.71541
683,-4.00904,-6.94387
684,-4.45449,-6.17233
685,-4.00904,-5.40079
686,-4.45449,-4.62925
687,-4.00904,-3.8577
688,-4.45449,-3.08616
689,-4.45449,3.08616
690,-4.00904,3.8577
691,-4.45449,4.62925
692,-4.00904,5.40079
693,-4.45449,6.17233
694,-4.00904,6.94387
695,-4.45449,7.71541
696,-4.00904,8.48695
697,-4.45449,9.25849
698,-4.00904,10.03
699,-4.45449,10.8016
700,-4.00904,11.5731
701,-4.45449,12.3447
702,-4.00904,13.1162
703,-4.45449,13.8877
704,-4.00904,14.6593
705,-4.45449,15.4308
706,-4.00904,16.2024
707,-4.45449,16.9739
708,-4.00904,17.7454
709,-4.45449,18.517
710,-3.11815,-19.2885
711,-3.56359,-18.517
712,-3.11815,-17.7454
713,-3.56359,-16.9739
714,-3.11815,-16.2024
715,-3.56359,-15.4308
716,-3.11815,-14.6593
717,-3.56359,-13.8877
718,-3.11815,-13.1162
719,-3.56359,-12.3447
720,-3.11815,-11.5731
721,-3.56359,-10.8016
722,-3.11815,-10.03
723,-3.56359,-9.25849
724,-3.11815,-8.48695
725,-3.56359,-7.71541
726,-3.11815,-6.94387
727,-3.56359,-6.17233
728,-3.11815,-5.40079
729,-3.56359,-4.62925
730,-3.56359,4.62925
731,-3.11815,5.40079
732,-3.56359,6.17233
733,-3.11815,6.94387
734,-3.56359,7.71541
735,-3.11815,8.48695
736,-3.56359,9.25849
737,-3.11815,10.03
738,-3.56359,10.8016
739,-3.11815,11.5731
740,-3.56359,12.3447
741,-3.11815,13.1162
742,-3.56359,13.8877
743,-3.11815,14.6593
744,-3.56359,15.4308
745,-3.11815,16.2024
746,-3.56359,16.9739
747,-3.11815,17.7454
748,-3.56359,18.517
749,-2.22725,-19.2885
750,-2.6727,-18.517
751,-2.22725,-17.7454
752,-2.6727,-16.9739
753,-2.22725,-16.2024
754,-2.6727,-15.4308
755,-2.22725,-14.6593
756,-2.6727,-13.8877
757,-2.22725,-13.1162
758,-2.6727,-12.3447
759,-2.22725,-11.5731
760,-2.6727,-10.8016
761,-2.22725,-10.03
762,-2.6727,-9.25849
763,-2.22725,-8.48695
764,-2.6727,-7.71541
765,-2.22725,-6.94387
766,-2.6727,-6.17233
767,-2.22725,-5.40079
768,-2.6727,-4.62925
769,-2.6727,4.62925
770,-2.22725,5.40079
771,-2.6727,6.17233
772,-2.22725,6.94387
773,-2.6727,7.71541
774,-2.22725,8.48695
775,-2.6727,9.25849
776,-2.22725,10.03
777,-2.6727,10.8016
778,-2.22725,11.5731
779,-2.6727,12.3447
780,-2.22725,13.1162
781,-2.6727,13.8877
782,-2.22725,14.6593
783,-2.6727,15.4308
784,-2.22725,16.2024
785,-2.6727,16.9739
786,-2.22725,17.7454
787,-2.6727,18.517
788,-1.33635,-19.2885
789,-1.7818,-18.517
790,-1.33635,-17.7454
791,-1.7818,-16.9739
792,-1.33635,-16.2024
793,-1.7818,-15.4308
794,-1.33635,-14.6593
795,-1.7818,-13.8877
796,-1.33635,-13.1162
797,-1.7818,-12.3447
798,-1.33635,-11.5731
799,-1.7818,-10.8016
800,-1.33635,-10.03
801,-1.7818,-9.25849
802,-1.33635,-8.48695
803,-1.7818,-7.71541
804,-1.33635,-6.94387
805,-1.7818,-6.17233
806,-1.33635,-5.40079
807,-1.33635,5.40079
808,-1.7818,6.17233
809,-1.33635,6.94387
810,-1.7818,7.71541
811,-1.33635,8.48695
812,-1.7818,9.25849
813,-1.33635,10.03
814,-1.7818,10.8016
815,-1.33635,11.5731
816,-1.7818,12.3447
817,-1.33635,13.1162
818,-1.7818,13.8877
819,-1.33635,14.6593
820,-1.7818,15.4308
821,-1.33635,16.2024
822,-1.7818,16.9739
823,-1.33635,17.7454
824,-1.7818,18.517
825,-0.445449,-19.2885
826,-0.890899,-18.517
827,-0.445449,-17.7454
828,-0.890899,-16.9739
829,-0.445449,-16.2024
830,-0.890899,-15.4308
831,-0.445449,-14.6593
832,-0.890899,-13.8877
833,-0.445449,-13.1162
834,-0.890899,-12.3447
835,-0.445449,-11.5731
836,-0.890899,-10.8016
837,-0.445449,-10.03
838,-0.890899,-9.25849
839,-0.445449,-8.48695
840,-0.890899,-7.71541
841,-0.445449,-6.94387
842,-0.890899,-6.17233
843,-0.445449,-5.40079
844,-0.445449,5.40079
845,-0.890899,6.17233
846,-0.445449,6.94387
847,-0.890899,7.71541
848,-0.445449,8.48695
849,-0.890899,9.25849
850,-0.445449,10.03
851,-0.890899,10.8016
852,-0.445449,11.5731
853,-0.890899,12.3447
854,-0.445449,13.1162
855,-0.890899,13.8877
856,-0.445449,14.6593
857,-0.890899,15.4308
858,-0.445449,16.2024
859,-0.890899,16.9739
860,-0.445449,17.7454
861,-0.890899,18.517
862,0.445449,-19.2885
863,0,-18.517
864,0.445449,-17.7454
865,0,-16.9739
866,0.445449,-16.2024
867,0,-15.4308
868,0.445449,-14.6593
869,0,-13.8877
870,0.445449,-13.1162
871,0,-12.3447
872,0.445449,-11.5731
873,0,-10.8016
874,0.445449,-10.03
875,0,-9.25849
876,0.445449,-8.48695
877,0,-7.71541
878,0.445449,-6.94387
879,0,-6.17233
880,0.445449,-5.40079
881,0.445449,5.40079
882,0,6.17233
883,0.445449,6.94387
884,0,7.71541
885,0.445449,8.48695
886,0,9.25849
887,0.445449,10.03
888,0,10.8016
889,0.445449,11.5731
890,0,12.3447
891,0.445449,13.1162
892,0,13.8877
893,0.445449,14.6593
894,0,15.4308
895,0.445449,16.2024
896,0,16.9739
897,0.445449,17.7454
898,0,18.517
899,1.33635,-19.2885
900,0.890899,-18.517
901,1.33635,-17.7454
902,0.890899,-16.9739
903,1.33635,-16.2024
904,0.890899,-15.4308
905,1.33635,-14.6593
906,0.890899,-13.8877
907,1.33635,-13.1162
908,0.890899,-12.3447
909,1.33635,-11.5731
910,0.890899,-10.8016
911,1.33635,-10.03
912,0.890899,-9.25849
913,1.33635,-8.48695
914,0.890899,-7.71541
915,1.33635,-6.94387
916,0.890899,-6.17233
917,1.33635,-5.40079
918,1.33635,5.40079
919,0.890899,6.17233
920,1.33635,6.94387
921,0.890899,7.71541
922,1.33635,8.48695
923,0.890899,9.25849
924,1.33635,10.03
925,0.890899,10.8016
926,1.33635,11.5731
927,0.890899,12.3447
928,1.33635,13.1162
929,0.890899,13.8877
930,1.33635,14.6593
931,0.890899,15.4308
932,1.33635,16.2024
933,0.890899,16.9739
934,1.33635,17.7454
935,0.890899,18.517
936,2.22725,-19.2885
937,1.7818,-18.517
938,2.22725,-17.7454
939,1.7818,-16.9739
940,2.22725,-16.2024
941,1.7818,-15.4308
942,2.22725,-14.6593
943,1.7818,-13.8877
944,2.22725,-13.1162
945,1.7818,-12.3447
946,2.22725,-11.5731
947,1.7818,-10.8016
948,2.22725,-10.03
949,1.7818,-9.25849
950,2.22725,-8.48695
951,1.7818,-7.71541
952,2.22725,-6.94387
953,1.7818,-6.17233
954,2.22725,-5.40079
955,2.22725,5.40079
956,1.7818,6.17233
957,2.22725,6.94387
958,1.7818,7.71541
959,2.22725,8.48695
960,1.7818,9.25849
961,2.22725,10.03
962,1.7818,10.8016
963,2.22725,11.5731
964,1.7818,12.3447
965,2.22725,13.1162
966,1.7818,13.8877
967,2.22725,14.6593
968,1.7818,15.4308
969,2.22725,16.2024
970,1.7818,16.9739
971,2.22725,17.7454
972,1.7818,18.517
973,3.11815,-19.2885
974,2.6727,-18.517
975,3.11815,-17.7454
976,2.6727,-16.9739
977,3.11815,-16.2024
978,2.6727,-15.4308
979,3.11815,-14.6593
980,2.6727,-13.8877
981,3.11815,-13.1162
982,2.6727,-12.3447
983,3.11815,-11.5731
984,2.6727,-10.8016
985,3.11815,-10.03
986,2.6727,-9.25849
987,3.11815,-8.48695
988,2.6727,-7.71541
989,3.11815,-6.94387
990,2.6727,-6.17233
991,3.11815,-5.40079
992,2.6727,-4.62925
993,2.6727,4.62925
994,3.11815,5.40079
995,2.6727,6.17233
996,3.11815,6.94387
997,2.6727,7.71541
998,3.11815,8.48695
999,2.6727,9.25849
1000,3.11815,10.03
1001,2.6727,10.8016
1002,3.11815,11.5731
1003,2.6727,12.3447
1004,3.11815,13.1162
1005,2.6727,13.8877
1006,3.11815,14.6593
1007,2.6727,15.4308
1008,3.11815,16.2024
1009,2.6727,16.9739
1010,3.11815,17.7454
1011,2.6727,18.517
1012,4.00904,-19.2885
1013,3.56359,-18.517
1014,4.00904,-17.7454
1015,3.56359,-16.9739
1016,4.00904,-16.2024
1017,3.56359,-15.4308
1018,4.00904,-14.6593
1019,3.56359,-13.8877
1020,4.00904,-13.1162
1021,3.56359,-12.3447
1022,4.00904,-11.5731
1023,3.56359,-10.8016
1024,4.00904,-10.03
1025,3.56359,-9.25849
1026,4.00904,-8.48695
1027,3.56359,-7.71541
1028,4.00904,-6.94387
1029,3.56359,-6.17233
1030,4.00904,-5.40079
1031,3.56359,-4.62925
1032,4.00904,-3.8577
1033,4.00904,3.8577
1034,3.56359,4.62925
1035,4.00904,5.40079
1036,3.56359,6.17233
1037,4.00904,6.94387
1038,3.56359,7.71541
1039,4.00904,8.48695
1040,3.56359,9.25849
1041,4.00904,10.03
1042,3.56359,10.8016
1043,4.00904,11.5731
1044,3.56359,12.3447
1045,4.00904,13.1162
1046,3.56359,13.8877
1047,4.00904,14.6593
1048,3.56359,15.4308
1049,4.00904,16.2024
1050,3.56359,16.9739
1051,4.00904,17.7454
1052,3.56359,18.517
1053,4.89994,-19.2885
1054,4.45449,-18.517
1055,4.89994,-17.7454
1056,4.45449,-16.9739
1057,4.89994,-16.2024
1058,4.45449,-15.4308
1059,4.89994,-14.6593
1060,4.45449,-13.8877
1061,4.89994,-13.1162
1062,4.45449,-12.3447
1063,4.89994,-11.5731
1064,4.45449,-10.8016
1065,4.89994,-10.03
1066,4.45449,-9.25849
1067,4.89994,-8.48695
1068,4.45449,-7.71541
1069,4.89994,-6.94387
1070,4.45449,-6.17233
1071,4.89994,-5.40079
1072,4.45449,-4.62925
1073,4.89994,-3.8577
1074,4.45449,-3.08616
1075,4.89994,-2.31462
1076,4.89994,2.31462
1077,4.45449,3.08616
1078,4.89994,3.8577
1079,4.45449,4.62925
1080,4.89994,5.40079
1081,4.45449,6.17233
1082,4.89994,6.94387
1083,4.45449,7.71541
1084,4.89994,8.48695
1085,4.45449,9.25849
1086,4.89994,10.03
1087,4.45449,10.8016
1088,4.89994,11.5731
1089,4.45449,12.3447
1090,4.89994,13.1162
1091,4.45449,13.8877
1092,4.89994,14.6593
1093,4.45449,15.4308
1094,4.89994,16.2024
1095,4.45449,16.9739
1096,4.89994,17.7454
1097,4.45449,18.517
1098,5.79084,-19.2885
1099,5.34539,-18.517
1100,5.79084,-17.7454
1101,5.34539,-16.9739
1102,5.79084,-16.2024
1103,5.34539,-15.4308
1104,5.79084,-14.6593
1105,5.34539,-13.8877
1106,5.79084,-13.1162
1107,5.34539,-12.3447
1108,5.79084,-11.5731
1109,5.34539,-10.8016
1110,5.79084,-10.03
1111,5.34539,-9.25849
1112,5.79084,-8.48695
1113,5.34539,-7.71541
1114,5.79084,-6.94387
1115,5.34539,-6.17233
1116,5.79084,-5.40079
1117,5.34539,-4.62925
1118,5.79084,-3.8577
1119,5.34539,-3.08616
1120,5.79084,-2.31462
1121,5.34539,-1.54308
1122,5.79084,-0.771541
1123,5.34539,0
1124,5.79084,0.771541
1125,5.34539,1.54308
1126,5.79084,2.31462
1127,5.34539,3.08616
1128,5.79084,3.8577
1129,5.34539,4.62925
1130,5.79084,5.40079
1131,5.34539,6.17233
1132,5.79084,6.94387
1133,5.34539,7.71541
1134,5.79084,8.48695
1135,5.34539,9.25849
1136,5.79084,10.03
1137,5.34539,10.8016
1138,5.79084,11.5731
1139,5.34539,12.3447
1140,5.79084,13.1162
1141,5.34539,13.8877
1142,5.79084,14.6593
1143,5.34539,15.4308
1144,5.79084,16.2024
1145,5.34539,16.9739
1146,5.79084,17.7454
1147,5.34539,18.517
1148,6.23629,-18.517
1149,6.68174,-17.7454
1150,6.23629,-16.9739
1151,6.68174,-16.2024
1152,6.23629,-15.4308
1153,6.68174,-14.6593
1154,6.23629,-13.8877
1155,6.68174,-13.1162
1156,6.23629,-12.3447
1157,6.68174,-11.5731
1158,6.23629,-10.8016
1159,6.68174,-10.03
1160,6.23629,-9.25849
1161,6.68174,-8.48695
1162,6.23629,-7.71541
1163,6.68174,-6.94387
1164,6.23629,-6.17233
1165,6.68174,-5.40079
1166,6.23629,-4.62925
1167,6.68174,-3.8577
1168,6.23629,-3.08616
1169,6.68174,-2.31462
1170,6.23629,-1.54308
1171,6.68174,-0.771541
1172,6.23629,0
1173,6.68174,0.771541
1174,6.23629,1.54308
1175,6.68174,2.31462
1176,6.23629,3.08616
1177,6.68174,3.8577
1178,6.23629,4.62925
1179,6.68174,5.40079
1180,6.23629,6.17233
1181,6.68174,6.94387
1182,6.23629,7.71541
1183,6.68174,8.48695
1184,6.23629,9.25849
1185,6.68174,10.03
1186,6.23629,10.8016
1187,6.68174,11.5731
1188,6.23629,12.3447
1189,6.68174,13.1162
1190,6.23629,13.8877
1191,6.68174,14.6593
1192,6.23629,15.4308
1193,6.68174,16.2024
1194,6.23629,16.9739
1195,6.68174,17.7454
1196,6.23629,18.517
1197,7.12719,-18.517
1198,7.57264,-17.7454
1199,7.12719,-16.9739
1200,7.57264,-16.2024
1201,7.12719,-15.4308
1202,7.57264,-14.6593
1203,7.12719,-13.8877
1204,7.57264,-13.1162
1205,7.12719,-12.3447
1206,7.57264,-11.5731
1207,7.12719,-10.8016
1208,7.57264,-10.03
1209,7.12719,-9.25849
1210,7.57264,-8.48695
1211,7.12719,-7.71541
1212,7.57264,-6.94387
1213,7.12719,-6.17233
1214,7.57264,-5.40079
1215,7.12719,-4.62925
1216,7.57264,-3.8577
1217,7.12719,-3.08616
1218,7.57264,-2.31462
1219,7.12719,-1.54308
1220,7.57264,-0.771541
1221,7.12719,0
1222,7.57264,0.771541
1223,7.12719,1.54308
1224,7.57264,2.31462
1225,7.12719,3.08616
1226,7.57264,3.8577
1227,7.12719,4.62925
1228,7.57264,5.40079
1229,7.12719,6.17233
1230,7.57264,6.94387
1231,7.12719,7.71541
1232,7.57264,8.48695
1233,7.12719,9.25849
1234,7.57264,10.03
1235,7.12719,10.8016
1236,7.57264,11.5731
1237,7.12719,12.3447
1238,7.57264,13.1162
1239,7.12719,13.8877
1240,7.57264,14.6593
1241,7.12719,15.4308
1242,7.57264,16.2024
1243,7.12719,16.9739
1244,7.57264,17.7454
1245,7.12719,18.517
1246,8.01809,-18.517
1247,8.46354,-17.7454
1248,8.01809,-16.9739
1249,8.46354,-16.2024
1250,8.01809,-15.4308
1251,8.46354,-14.6593
1252,8.01809,-13.8877
1253,8.46354,-13.1162
1254,8.01809,-12.3447
1255,8.46354,-11.5731
1256,8.01809,-10.8016
1257,8.46354,-10.03
1258,8.01809,-9.25849
1259,8.46354,-8.48695
1260,8.01809,-7.71541
1261,8.46354,-6.94387
1262,8.01809,-6.17233
1263,8.46354,-5.40079
1264,8.01809,-4.62925
1265,8.46354,-3.8577
1266,8.01809,-3.08616
1267,8.46354,-2.31462
1268,8.01809,-1.54308
1269,8.46354,-0.771541
1270,8.01809,0
1271,8.46354,0.771541
1272,8.01809,1.54308
1273,8.46354,2.31462
1274,8.01809,3.08616
1275,8.46354,3.8577
1276,8.01809,4.62925
1277,8.46354,5.40079
1278,8.01809,6.17233
1279,8.46354,6.94387
1280,8.01809,7.71541
1281,8.46354,8.48695
1282,8.01809,9.25849
1283,8.46354,10.03
1284,8.01809,10.8016
1285,8.46354,11.5731
1286,8.01809,12.3447
1287,8.46354,13.1162
1288,8.01809,13.8877
1289,8.46354,14.6593
1290,8.01809,15.4308
1291,8.46354,16.2024
1292,8.01809,16.9739
1293,8.46354,17.7454
1294,8.01809,18.517
1295,9.35444,-17.7454
1296,8.90899,-16.9739
1297,9.35444,-16.2024
1298,8.90899,-15.4308
1299,9.35444,-14.6593
1300,8.90899,-13.8877
1301,9.35444,-13.1162
1302,8.90899,-12.3447
1303,9.35444,-11.5731
1304,8.90899,-10.8016
1305,9.35444,-10.03
1306,8.90899,-9.25849
1307,9.35444,-8.48695
1308,8.90899,-7.71541
1309,9.35444,-6.94387
1310,8.90899,-6.17233
1311,9.35444,-5.40079
1312,8.90899,-4.62925
1313,9.35444,-3.8577
1314,8.90899,-3.08616
1315,9.35444,-2.31462
1316,8.90899,-1.54308
1317,9.35444,-0.771541
1318,8.90899,0
1319,9.35444,0.771541
1320,8.90899,1.54308
1321,9.35444,2.31462
1322,8.90899,3.08616
1323,9.35444,3.8577
1324,8.90899,4.62925
1325,9.35444,5.40079
1326,8.90899,6.17233
1327,9.35444,6.94387
1328,8.90899,7.71541
1329,9.35444,8.48695
1330,8.90899,9.25849
1331,9.35444,10.03
1332,8.90899,10.8016
1333,9.35444,11.5731
1334,8.90899,12.3447
1335,9.35444,13.1162
1336,8.90899,13.8877
1337,9.35444,14.6593
1338,8.90899,15.4308
1339,9.35444,16.2024
1340,8.90899,16.9739
1341,9.35444,17.7454
1342,9.79989,-16.9739
1343,10.2453,-16.2024
1344,9.79989,-15.4308
1345,10.2453,-14.6593
1346,9.79989,-13.8877
1347,10.2453,-13.1162
1348,9.79989,-12.3447
1349,10.2453,-11.5731
1350,9.79989,-10.8016
1351,10.2453,-10.03
1352,9.79989,-9.25849
1353,10.2453,-8.48695
1354,9.79989,-7.71541
1355,10.2453,-6.94387
1356,9.79989,-6.17233
1357,10.2453,-5.40079
1358,9.79989,-4.62925
1359,10.2453,-3.8577
1360,9.79989,-3.08616
1361,10.2453,-2.31462
1362,9.79989,-1.54308
1363,10.2453,-0.771541
1364,9.79989,0
1365,10.2453,0.771541
1366,9.79989,1.54308
1367,10.2453,2.31462
1368,9.79989,3.08616
1369,10.2453,3.8577
1370,9.79989,4.62925
1371,10.2453,5.40079
1372,9.79989,6.17233
1373,10.2453,6.94387
1374,9.79989,7.71541
1375,10.2453,8.48695
1376,9.79989,9.25849
1377,10.2453,10.03
1378,9.79989,10.8016
1379,10.2453,11.5731
1380,9.79989,12.3447
1381,10.2453,13.1162
1382,9.79989,13.8877
1383,10.2453,14.6593
1384,9.79989,15.4308
1385,10.2453,16.2024
1386,9.79989,16.9739
1387,10.6908,-16.9739
1388,11.1362,-16.2024
1389,10.6908,-15.4308
1390,11.1362,-14.6593
1391,10.6908,-13.8877
1392,11.1362,-13.1162
1393,10.6908,-12.3447
1394,11.1362,-11.5731
1395,10.6908,-10.8016
1396,11.1362,-10.03
1397,10.6908,-9.25849
1398,11.1362,-8.48695
1399,10.6908,-7.71541
1400,11.1362,-6.94387
1401,10.6908,-6.17233
1402,11.1362,-5.40079
1403,10.6908,-4.62925
1404,11.1362,-3.8577
1405,10.6908,-3.08616
1406,11.1362,-2.31462
1407,10.6908,-1.54308
1408,11.1362,-0.771541
1409,10.6908,0
1410,11.1362,0.771541
1411,10.6908,1.54308
1412,11.1362,2.31462
1413,10.6908,3.08616
1414,11.1362,3.8577
1415,10.6908,4.62925
1416,11.1362,5.40079
1417,10.6908,6.17233
1418,11.1362,6.94387
1419,10.6908,7.71541
1420,11.1362,8.48695
1421,10.6908,9.25849
1422,11.1362,10.03
1423,10.6908,10.8016
1424,11.1362,11.5731
1425,10.6908,12.3447
1426,11.1362,13.1162
1427,10.6908,13.8877
1428,11.1362,14.6593
1429,10.6908,15.4308
1430,11.1362,16.2024
1431,10.6908,16.9739
1432,12.0271,-16.2024
1433,11.5817,-15.4308
1434,12.0271,-14.6593
1435,11.5817,-13.8877
1436,12.0271,-13.1162
1437,11.5817,-12.3447
1438,12.0271,-11.5731
1439,11.5817,-10.8016
1440,12.0271,-10.03
1441,11.5817,-9.25849
1442,12.0271,-8.48695
1443,11.5817,-7.71541
1444,12.0271,-6.94387
1445,11.5817,-6.17233
1446,12.0271,-5.40079
1447,11.5817,-4.62925
1448,12.0271,-3.8577
1449,11.5817,-3.08616
1450,12.0271,-2.31462
1451,11.5817,-1.54308
1452,12.0271,-0.771541
1453,11.5817,0
1454,12.0271,0.771541
1455,11.5817,1.54308
1456,12.0271,2.31462
1457,11.5817,3.08616
1458,12.0271,3.8577
1459,11.5817,4.62925
1460,12.0271,5.40079
1461,11.5817,6.17233
1462,12.0271,6.94387
1463,11.5817,7.71541
1464,12.0271,8.48695
1465,11.5817,9.25849
1466,12.0271,10.03
1467,11.5817,10.8016
1468,12.0271,11.5731
1469,11.5817,12.3447
1470,12.0271,13.1162
1471,11.5817,13.8877
1472,12.0271,14.6593
1473,11.5817,15.4308
1474,12.0271,16.2024
1475,12.4726,-15.4308
1476,12.918,-14.6593
1477,12.4726,-13.8877
1478,12.918,-13.1162
1479,12.4726,-12.3447
1480,12.918,-11.5731
1481,12.4726,-10.8016
1482,12.918,-10.03
1483,12.4726,-9.25849
1484,12.918,-8.48695
1485,12.4726,-7.71541
1486,12.918,-6.94387
1487,12.4726,-6.17233
1488,12.918,-5.40079
1489,12.4726,-4.62925
1490,12.918,-3.8577
1491,12.4726,-3.08616
1492,12.918,-2.31462
1493,12.4726,-1.54308
1494,12.918,-0.771541
1495,12.4726,0
1496,12.918,0.771541
1497,12.4726,1.54308
1498,12.918,2.31462
1499,12.4726,3.08616
1500,12.918,3.8577
1501,12.4726,4.62925
1502,12.918,5.40079
1503,12.4726,6.17233
1504,12.918,6.94387
1505,12.4726,7.71541
1506,12.918,8.48695
1507,12.4726,9.25849
1508,12.918,10.03
1509,12.4726,10.8016
1510,12.918,11.5731
1511,12.4726,12.3447
1512,12.918,13.1162
1513,12.4726,13.8877
1514,12.918,14.6593
1515,12.4726,15.4308
1516,13.8089,-14.6593
1517,13.3635,-13.8877
1518,13.8089,-13.1162
1519,13.3635,-12.3447
1520,13.8089,-11.5731
1521,13.3635,-10.8016
1522,13.8089,-10.03
1523,13.3635,-9.25849
1524,13.8089,-8.48695
1525,13.3635,-7.71541
1526,13.8089,-6.94387
1527,13.3635,-6.17233
1528,13.8089,-5.40079
1529,13.3635,-4.62925
1530,13.8089,-3.8577
1531,13.3635,-3.08616
1532,13.8089,-2.31462
1533,13.3635,-1.54308
1534,13.8089,-0.771541
1535,13.3635,0
1536,13.8089,0.771541
1537,13.3635,1.54308
1538,13.8089,2.31462
1539,13.3635,3.08616
1540,13.8089,3.8577
1541,13.3635,4.62925
1542,13.8089,5.40079
1543,13.3635,6.17233
1544,13.8089,6.94387
1545,13.3635,7.71541
1546,13.8089,8.48695
1547,13.3635,9.25849
1548,13.8089,10.03
1549,13.3635,10.8016
1550,13.8089,11.5731
1551,13.3635,12.3447
1552,13.8089,13.1162
1553,13.3635,13.8877
1554,13.8089,14.6593
1555,14.2544,-13.8877
1556,14.6998,-13.1162
1557,14.2544,-12.3447
1558,14.6998,-11.5731
1559,14.2544,-10.8016
1560,14.6998,-10.03
1561,14.2544,-9.25849
1562,14.6998,-8.48695
1563,14.2544,-7.71541
1564,14.6998,-6.94387
1565,14.2544,-6.17233
1566,14.6998,-5.40079
1567,14.2544,-4.62925
1568,14.6998,-3.8577
1569,14.2544,-3.08616
1570,14.6998,-2.31462
1571,14.2544,-1.54308
1572,14.6998,-0.771541
1573,14.2544,0
1574,14.6998,0.771541
1575,14.2544,1.54308
1576,14.6998,2.31462
1577,14.2544,3.08616
1578,14.6998,3.8577
1579,14.2544,4.62925
1580,14.6998,5.40079
1581,14.2544,6.17233
1582,14.6998,6.94387
1583,14.2544,7.71541
1584,14.6998,8.48695
1585,14.2544,9.25849
1586,14.6998,10.03
1587,14.2544,10.8016
1588,14.6998,11.5731
1589,14.2544,12.3447
1590,14.6998,13.1162
1591,14.2544,13.8877
1592,15.1453,-12.3447
1593,15.5907,-11.5731
1594,15.1453,-10.8016
1595,15.5907,-10.03
1596,15.1453,-9.25849
1597,15.5907,-8.48695
1598,15.1453,-7.71541
1599,15.5907,-6.94387
1600,15.1453,-6.17233
1601,15.5907,-5.40079
1602,15.1453,-4.62925
1603,15.5907,-3.8577
1604,15.1453,-3.08616
1605,15.5907,-2.31462
1606,15.1453,-1.54308
1607,15.5907,-0.771541
1608,15.1453,0
1609,15.5907,0.771541
1610,15.1453,1.54308
1611,15.5907,2.31462
1612,15.1453,3.08616
1613,15.5907,3.8577
1614,15.1453,4.62925
1615,15.5907,5.40079
1616,15.1453,6.17233
1617,15.5907,6.94387
1618,15.1453,7.71541
1619,15.5907,8.48695
1620,15.1453,9.25849
1621,15.5907,10.03
1622,15.1453,10.8016
1623,15.5907,11.5731
1624,15.1453,12.3447
1625,16.0362,-12.3447
1626,16.4816,-11.5731
1627,16.0362,-10.8016
1628,16.4816,-10.03
1629,16.0362,-9.25849
1630,16.4816,-8.48695
1631,16.0362,-7.71541
1632,16.4816,-6.94387
1633,16.0362,-6.17233
1634,16.4816,-5.40079
1635,16.0362,-4.62925
1636,16.4816,-3.8577
1637,16.0362,-3.08616
1638,16.4816,-2.31462
1639,16.0362,-1.54308
1640,16.4816,-0.771541
1641,16.0362,0
1642,16.4816,0.771541
1643,16.0362,1.54308
1644,16.4816,2.31462
1645,16.0362,3.08616
1646,16.4816,3.8577
1647,16.0362,4.62925
1648,16.4816,5.40079
1649,16.0362,6.17233
1650,16.4816,6.94387
1651,16.0362,7.71541
1652,16.4816,8.48695
1653,16.0362,9.25849
1654,16.4816,10.03
1655,16.0362,10.8016
1656,16.4816,11.5731
1657,16.0362,12.3447
1658,16.9271,-10.8016
1659,17.3725,-10.03
1660,16.9271,-9.25849
1661,17.3725,-8.48695
1662,16.9271,-7.71541
1663,17.3725,-6.94387
1664,16.9271,-6.17233
1665,17.3725,-5.40079
1666,16.9271,-4.62925
1667,17.3725,-3.8577
1668,16.9271,-3.08616
1669,17.3725,-2.31462
1670,16.9271,-1.54308
1671,17.3725,-0.771541
1672,16.9271,0
1673,17.3725,0.771541
1674,16.9271,1.54308
1675,17.3725,2.31462
1676,16.9271,3.08616
1677,17.3725,3.8577
1678,16.9271,4.62925
1679,17.3725,5.40079
1680,16.9271,6.17233
1681,17.3725,6.94387
1682,16.9271,7.71541
1683,17.3725,8.48695
1684,16.9271,9.25849
1685,17.3725,10.03
1686,16.9271,10.8016
1687,17.818,-9.25849
1688,18.2634,-8.48695
1689,17.818,-7.71541
1690,18.2634,-6.94387
1691,17.818,-6.17233
1692,18.2634,-5.40079
1693,17.818,-4.62925
1694,18.2634,-3.8577
1695,17.818,-3.08616
1696,18.2634,-2.31462
1697,17.818,-1.54308
1698,18.2634,-0.771541
1699,17.818,0
1700,18.2634,0.771541
1701,17.818,1.54308
1702,18.2634,2.31462
1703,17.818,3.08616
1704,18.2634,3.8577
1705,17.818,4.62925
1706,18.2634,5.40079
1707,17.818,6.17233
1708,18.2634,6.94387
1709,17.818,7.71541
1710,18.2634,8.48695
1711,17.818,9.25849
1712,18.7089,-7.71541
1713,18.7089,-6.17233
1714,19.1543,-5.40079
1715,18.7089,-4.62925
1716,19.1543,-3.8577
1717,18.7089,-3.08616
1718,19.1543,-2.31462
1719,18.7089,-1.54308
1720,19.1543,-0.771541
1721,18.7089,0
1722,19.1543,0.771541
1723,18.7089,1.54308
1724,19.1543,2.31462
1725,18.7089,3.08616
1726,19.1543,3.8577
1727,18.7089,4.62925
1728,19.1543,5.40079
1729,18.7089,6.17233
1730,18.7089,7.71541
1731,19.5998,-4.62925
1732,19.5998,-3.08616
1733,20.0452,-2.31462
1734,19.5998,-1.54308
1735,20.0452,-0.771541
1736,19.5998,0
1737,20.0452,0.771541
1738,19.5998,1.54308
1739,20.0452,2.31462
1740,19.5998,3.08616
1741,19.5998,4.62925
