Step,ParticleID,PositionX,PositionY
0,-11.5047,-2.59802
1,-11.5035,-0.868104
2,-5,-3.0729e-11
3,-11.5035,0.868104
4,-11.5047,2.59802
5,-10.5035,-4.33214
6,-11.0035,-3.46613
7,-10.4999,-2.59806
8,-11.0023,-1.73203
9,-10.4999,-0.866002
10,-10.9999,-1.38971e-10
11,-10.4999,0.866002
12,-11.0023,1.73203
13,-10.4999,2.59806
14,-11.0035,3.46613
15,-10.5035,4.33214
16,-9.50348,-6.06419
17,-10.0035,-5.19816
18,-9.49992,-4.33008
19,-9.99992,-3.46406
20,-9.49999,-2.59807
21,-9.99997,-1.73205
22,-9.5,-0.866025
23,-9.99999,1.00408e-11
24,-9.5,0.866025
25,-9.99997,1.73205
26,-9.49999,2.59807
27,-9.99992,3.46406
28,-9.49992,4.33008
29,-10.0035,5.19816
30,-9.50348,6.06419
31,-8.50349,-7.79622
32,-9.00348,-6.93021
33,-8.49992,-6.06213
34,-8.99992,-5.19611
35,-8.49999,-4.33012
36,-8.99999,-3.4641
37,-8.5,-2.59808
38,-9,-1.73205
39,-8.5,-0.866025
40,-9,1.00408e-11
41,-8.5,0.866025
42,-9,1.73205
43,-8.5,2.59808
44,-8.99999,3.4641
45,-8.49999,4.33012
46,-8.99992,5.19611
47,-8.49992,6.06213
48,-9.00348,6.93021
49,-8.50349,7.79622
50,-8.00229,-8.66433
51,-7.49992,-7.79413
52,-7.99992,-6.92816
53,-7.49999,-6.06217
54,-7.99999,-5.19615
55,-7.5,-4.33013
56,-8,-3.4641
57,-7.5,-2.59808
58,-8,-1.73205
59,-7.5,-0.866025
60,-8,1.00408e-11
61,-7.5,0.866025
62,-8,1.73205
63,-7.5,2.59808
64,-8,3.4641
65,-7.5,4.33013
66,-7.99999,5.19615
67,-7.49999,6.06217
68,-7.99992,6.92816
69,-7.49992,7.79413
70,-8.00229,8.66433
71,-6.50353,-9.52824
72,-7.00112,-8.66224
73,-6.49998,-7.79421
74,-6.99999,-6.9282
75,-6.5,-6.06218
76,-7,-5.19615
77,-6.5,-4.33013
78,-7,-3.4641
79,-6.50001,-2.59808
80,-7,-1.73205
81,-6.50003,-0.866027
82,-7.00001,1.00408e-11
83,-6.50003,0.866027
84,-7,1.73205
85,-6.50001,2.59808
86,-7,3.4641
87,-6.5,4.33013
88,-7,5.19615
89,-6.5,6.06218
90,-6.99999,6.9282
91,-6.49998,7.79421
92,-7.00112,8.66224
93,-6.50353,9.52824
94,-2.5,-4.33013
95,-5.49994,-9.52617
96,-5.99994,-8.66021
97,-5.5,-7.79423
98,-6,-6.9282
99,-5.5,-6.06218
100,-6,-5.19615
101,-5.50001,-4.33013
102,-6.00001,-3.46411
103,-5.50008,-2.59812
104,-6.00007,-1.73208
105,-5.49772,-0.866042
106,-6.00011,1.1205e-11
107,-5.49772,0.866042
108,-6.00007,1.73208
109,-5.50008,2.59812
110,-6.00001,3.46411
111,-5.50001,4.33013
112,-6,5.19615
113,-5.5,6.06218
114,-6,6.9282
115,-5.5,7.79423
116,-5.99994,8.66021
117,-5.49994,9.52617
118,-2.5,4.33013
119,-4.99993,-10.3963
120,-4.49999,-9.52621
121,-4.99999,-8.66025
122,-4.5,-7.79423
123,-5,-6.9282
124,-4.5,-6.06218
125,-5,-5.19616
126,-4.50006,-4.33017
127,-5.00007,-3.46415
128,-4.49652,-2.59607
129,-4.99652,-1.72999
130,-5,5.79708e-11
131,-4.99652,1.72999
132,-4.49652,2.59607
133,-5.00007,3.46415
134,-4.50006,4.33017
135,-5,5.19616
136,-4.5,6.06218
137,-5,6.9282
138,-4.5,7.79423
139,-4.99999,8.66025
140,-4.49999,9.52621
141,-4.99993,10.3963
142,-3.50238,-11.2623
143,-4.00116,-10.3943
144,-3.49999,-9.52625
145,-4,-8.66025
146,-3.5,-7.79423
147,-4,-6.9282
148,-3.5,-6.06218
149,-4.00001,-5.19617
150,-3.49887,-4.32814
151,-3.99648,-3.46212
152,-3.99648,3.46212
153,-3.49887,4.32814
154,-4.00001,5.19617
155,-3.5,6.06218
156,-4,6.9282
157,-3.5,7.79423
158,-4,8.66025
159,-3.49999,9.52625
160,-4.00116,10.3943
161,-3.50238,11.2623
162,-2.49998,-11.2623
163,-2.99996,-10.3922
164,-2.5,-9.52627
165,-3,-8.66026
166,-2.5,-7.79423
167,-3,-6.9282
168,-2.50001,-6.0622
169,-3.00006,-5.19625
170,-2.5,-4.33013
171,-2.5,4.33013
172,-3.00006,5.19625
173,-2.50001,6.0622
174,-3,6.9282
175,-2.5,7.79423
176,-3,8.66026
177,-2.5,9.52627
178,-2.99996,10.3922
179,-2.49998,11.2623
180,-1.5,-11.2623
181,-2,-10.3922
182,-1.5,-9.52627
183,-2,-8.66026
184,-1.5,-7.79423
185,-2,-6.92821
186,-1.50001,-6.06225
187,-1.99885,-5.19419
188,-1.99885,5.19419
189,-1.50001,6.06225
190,-2,6.92821
191,-1.5,7.79423
192,-2,8.66026
193,-1.5,9.52627
194,-2,10.3922
195,-1.5,11.2623
196,-0.5,-11.2623
197,-1,-10.3922
198,-0.5,-9.52627
199,-1,-8.66026
200,-0.5,-7.79423
201,-1,-6.92821
202,-0.500002,-6.06226
203,-1.00004,-5.19211
204,-1.00004,5.19211
205,-0.500002,6.06226
206,-1,6.92821
207,-0.5,7.79423
208,-1,8.66026
209,-0.5,9.52627
210,-1,10.3922
211,-0.5,11.2623
212,0.5,-11.2623
213,4.03816e-11,-10.3922
214,0.5,-9.52627
215,-2.71757e-10,-8.66026
216,0.5,-7.79423
217,-3.41897e-10,-6.92821
218,0.500002,-6.06226
219,-1.3526e-10,-5.19213
220,-1.59343e-11,5.19213
221,0.500002,6.06226
222,-4.21278e-11,6.92821
223,0.5,7.79423
224,3.10683e-11,8.66026
225,0.5,9.52627
226,-2.02999e-11,10.3922
227,0.5,11.2623
228,1.5,-11.2623
229,1,-10.3922
230,1.5,-9.52627
231,1,-8.66026
232,1.5,-7.79423
233,1,-6.92821
234,1.50001,-6.06225
235,1.00004,-5.19211
236,1.00004,5.19211
237,1.50001,6.06225
238,1,6.92821
239,1.5,7.79423
240,1,8.66026
241,1.5,9.52627
242,1,10.3922
243,1.5,11.2623
244,2.49998,-11.2623
245,2,-10.3922
246,2.5,-9.52627
247,2,-8.66026
248,2.5,-7.79423
249,2,-6.92821
250,2.50001,-6.0622
251,1.99885,-5.19419
252,2.5,-4.33013
253,2.5,4.33013
254,1.99885,5.19419
255,2.50001,6.0622
256,2,6.92821
257,2.5,7.79423
258,2,8.66026
259,2.5,9.52627
260,2,10.3922
261,2.49998,11.2623
262,3.50238,-11.2623
263,2.99996,-10.3922
264,3.49999,-9.52625
265,3,-8.66026
266,3.5,-7.79423
267,3,-6.9282
268,3.5,-6.06218
269,3.00006,-5.19625
270,3.49887,-4.32814
271,3.49887,4.32814
272,3.00006,5.19625
273,3.5,6.06218
274,3,6.9282
275,3.5,7.79423
276,3,8.66026
277,3.49999,9.52625
278,2.99996,10.3922
279,3.50238,11.2623
280,4.00116,-10.3943
281,4.49999,-9.52621
282,4,-8.66025
283,4.5,-7.79423
284,4,-6.9282
285,4.5,-6.06218
286,4.00001,-5.19617
287,4.50006,-4.33017
288,3.99648,-3.46212
289,4.49652,-2.59607
290,4.49652,2.59607
291,3.99648,3.46212
292,4.50006,4.33017
293,4.00001,5.19617
294,4.5,6.06218
295,4,6.9282
296,4.5,7.79423
297,4,8.66025
298,4.49999,9.52621
299,4.00116,10.3943
300,4.99993,-10.3963
301,5.49994,-9.52617
302,4.99999,-8.66025
303,5.5,-7.79423
304,5,-6.9282
305,5.5,-6.06218
306,5,-5.19616
307,5.50001,-4.33013
308,5.00007,-3.46415
309,5.50008,-2.59812
310,4.99652,-1.72999
311,5.49772,-0.866042
312,5,1.00502e-11
313,5.49772,0.866042
314,4.99652,1.72999
315,5.50008,2.59812
316,5.00007,3.46415
317,5.50001,4.33013
318,5,5.19616
319,5.5,6.06218
320,5,6.9282
321,5.5,7.79423
322,4.99999,8.66025
323,5.49994,9.52617
324,4.99993,10.3963
325,2.5,-4.33013
326,6.50353,-9.52824
327,5.99994,-8.66021
328,6.49998,-7.79421
329,6,-6.9282
330,6.5,-6.06218
331,6,-5.19615
332,6.5,-4.33013
333,6.00001,-3.46411
334,6.50001,-2.59808
335,6.00007,-1.73208
336,6.50003,-0.866027
337,6.00011,1.00408e-11
338,6.50003,0.866027
339,6.00007,1.73208
340,6.50001,2.59808
341,6.00001,3.46411
342,6.5,4.33013
343,6,5.19615
344,6.5,6.06218
345,6,6.9282
346,6.49998,7.79421
347,5.99994,8.66021
348,6.50353,9.52824
349,2.5,4.33013
350,7.00112,-8.66224
351,7.49992,-7.79413
352,6.99999,-6.9282
353,7.49999,-6.06217
354,7,-5.19615
355,7.5,-4.33013
356,7,-3.4641
357,7.5,-2.59808
358,7,-1.73205
359,7.5,-0.866025
360,7.00001,1.00408e-11
361,7.5,0.866025
362,7,1.73205
363,7.5,2.59808
364,7,3.4641
365,7.5,4.33013
366,7,5.19615
367,7.49999,6.06217
368,6.99999,6.9282
369,7.49992,7.79413
370,7.00112,8.66224
371,8.00229,-8.66433
372,8.50349,-7.79622
373,7.99992,-6.92816
374,8.49992,-6.06213
375,7.99999,-5.19615
376,8.49999,-4.33012
377,8,-3.4641
378,8.5,-2.59808
379,8,-1.73205
380,8.5,-0.866025
381,8,1.00408e-11
382,8.5,0.866025
383,8,1.73205
384,8.5,2.59808
385,8,3.4641
386,8.49999,4.33012
387,7.99999,5.19615
388,8.49992,6.06213
389,7.99992,6.92816
390,8.50349,7.79622
391,8.00229,8.66433
392,9.00348,-6.93021
393,9.50348,-6.06419
394,8.99992,-5.19611
395,9.49992,-4.33008
396,8.99999,-3.4641
397,9.49999,-2.59807
398,9,-1.73205
399,9.5,-0.866025
400,9,1.00408e-11
401,9.5,0.866025
402,9,1.73205
403,9.49999,2.59807
404,8.99999,3.4641
405,9.49992,4.33008
406,8.99992,5.19611
407,9.50348,6.06419
408,9.00348,6.93021
409,10.0035,-5.19816
410,10.5035,-4.33214
411,9.99992,-3.46406
412,10.4999,-2.59806
413,9.99997,-1.73205
414,10.4999,-0.866002
415,9.99999,1.00408e-11
416,10.4999,0.866002
417,9.99997,1.73205
418,10.4999,2.59806
419,9.99992,3.46406
420,10.5035,4.33214
421,10.0035,5.19816
422,11.0035,-3.46613
423,11.5047,-2.59802
424,11.0023,-1.73203
425,11.5035,-0.868104
426,10.9999,1.13505e-11
427,11.5035,0.868104
428,11.0023,1.73203
429,11.5047,2.59802
430,11.0035,3.46613
431,5,2.31528e-11
0,-4.99968,-10.2897
1,8.84106,4.56336
2,nan,-inf
3,8.84106,4.56336
4,0,0
5,-10.5608,-4.26005
6,8.84106,4.56336
7,-10.9429,-3.25698
8,-10.9559,-1.92648
9,-11.2796,-0.877643
10,nan,inf
11,9.22228,3.50836
12,5.44785,-7.96593
13,-11.3296,3.23516
14,8.84106,4.56336
15,8.2605,5.52904
16,-9.24419,-3.40776
17,-10.1995,-5.26812
18,8.84106,4.56336
19,-4.01667,-8.04577
20,0,0
21,8.84106,4.56336
22,8.84106,4.56336
23,nan,-inf
24,8.84106,4.56336
25,8.84106,4.56336
26,-10.5835,2.45992
27,-10.1186,3.47516
28,8.84106,4.56336
29,nan,nan
30,-0.396125,-11.0008
31,8.84106,4.56336
32,8.35737,6.87491
33,8.84106,4.56336
34,nan,nan
35,8.84106,4.56336
36,nan,nan
37,nan,nan
38,8.84106,4.56336
39,8.84106,4.56336
40,8.84106,4.56336
41,10.6367,-2.12145
42,nan,nan
43,nan,nan
44,nan,nan
45,8.84106,4.56336
46,8.84106,4.56336
47,8.84106,4.56336
48,-8.96595,-0.533829
49,8.84106,4.56336
50,-6.90078,-7.60437
51,-8.46628,-7.92023
52,8.84106,4.56336
53,nan,nan
54,8.84106,4.56336
55,nan,nan
56,nan,nan
57,8.84106,4.56336
58,8.84106,4.56336
59,8.84106,4.56336
60,8.84106,4.56336
61,nan,nan
62,8.84106,4.56336
63,8.84106,4.56336
64,nan,nan
65,nan,nan
66,8.84106,4.56336
67,nan,nan
68,nan,nan
69,-8.41236,7.76391
70,-8.09392,8.80767
71,8.84106,4.56336
72,-7.01586,-8.64514
73,nan,nan
74,8.84106,4.56336
75,nan,nan
76,8.84106,4.56336
77,nan,nan
78,8.84106,4.56336
79,8.84106,4.56336
80,nan,nan
81,nan,nan
82,nan,-inf
83,nan,nan
84,8.84106,4.56336
85,nan,nan
86,8.84106,4.56336
87,nan,nan
88,8.84106,4.56336
89,nan,nan
90,-5.97219,-6.72772
91,nan,nan
92,-7.04228,8.62087
93,8.84106,4.56336
94,-inf,nan
95,nan,nan
96,-6.17144,-9.32012
97,nan,nan
98,nan,nan
99,8.84106,4.56336
100,-10.0053,-0.314818
101,8.84106,4.56336
102,8.84106,4.56336
103,8.84106,4.56336
104,nan,nan
105,8.84106,4.56336
106,nan,inf
107,8.84106,4.56336
108,nan,nan
109,nan,nan
110,8.84106,4.56336
111,nan,nan
112,8.84106,4.56336
113,8.84106,4.56336
114,0.048492,-9.99214
115,nan,nan
116,-6.06495,9.03364
117,nan,nan
118,-inf,nan
119,8.84106,4.56336
120,nan,nan
121,nan,nan
122,8.84106,4.56336
123,8.84106,4.56336
124,8.84106,4.56336
125,nan,nan
126,nan,nan
127,8.84106,4.56336
128,nan,nan
129,nan,nan
130,nan,inf
131,nan,nan
132,nan,nan
133,nan,nan
134,nan,nan
135,nan,nan
136,8.84106,4.56336
137,8.84106,4.56336
138,9.79256,-4.27072
139,nan,nan
140,8.84106,4.56336
141,8.84106,4.56336
142,-3.54351,-11.4192
143,-4.02609,-10.5014
144,nan,nan
145,nan,nan
146,nan,nan
147,8.84106,4.56336
148,8.84106,4.56336
149,nan,nan
150,8.84106,4.56336
151,nan,nan
152,nan,nan
153,8.84106,4.56336
154,nan,nan
155,8.84106,4.56336
156,8.84106,4.56336
157,nan,nan
158,8.84106,4.56336
159,8.84106,4.56336
160,-4.06088,10.3577
161,-3.6305,11.3202
162,8.84106,4.56336
163,-2.49597,-11.6088
164,8.84106,4.56336
165,nan,nan
166,11.0781,-0.406203
167,8.84106,4.56336
168,8.84106,4.56336
169,8.84106,4.56336
170,inf,nan
171,inf,nan
172,8.84106,4.56336
173,8.84106,4.56336
174,-8.78121,-4.78271
175,8.84106,4.56336
176,8.84106,4.56336
177,nan,nan
178,-2.6007,11.645
179,8.84106,4.56336
180,-1.40441,-11.3912
181,-2.12642,-10.6106
182,nan,nan
183,nan,nan
184,8.84106,4.56336
185,8.84106,4.56336
186,nan,nan
187,8.84106,4.56336
188,8.84106,4.56336
189,nan,nan
190,nan,nan
191,8.84106,4.56336
192,nan,nan
193,nan,nan
194,8.84106,4.56336
195,-2.12537,9.76692
196,nan,nan
197,8.84106,4.56336
198,8.84106,4.56336
199,nan,nan
200,nan,nan
201,8.84106,4.56336
202,8.84106,4.56336
203,nan,nan
204,nan,nan
205,8.84106,4.56336
206,8.84106,4.56336
207,nan,nan
208,nan,nan
209,8.84106,4.56336
210,8.84106,4.56336
211,-9.09745,3.60703
212,8.84106,4.56336
213,8.84106,4.56336
214,8.84106,4.56336
215,8.84106,4.56336
216,nan,nan
217,8.84106,4.56336
218,8.84106,4.56336
219,8.84106,4.56336
220,8.84106,4.56336
221,8.84106,4.56336
222,8.84106,4.56336
223,nan,nan
224,nan,nan
225,8.84106,4.56336
226,8.84106,4.56336
227,8.72327,-3.35103
228,7.15942,-7.35587
229,8.84106,4.56336
230,nan,nan
231,8.84106,4.56336
232,nan,nan
233,8.84106,4.56336
234,nan,nan
235,nan,nan
236,nan,nan
237,nan,nan
238,8.84106,4.56336
239,8.84106,4.56336
240,nan,nan
241,nan,nan
242,8.84106,4.56336
243,4.5776,8.87397
244,8.84106,4.56336
245,3.71121,-9.20069
246,9.33649,-5.67404
247,nan,nan
248,8.84106,4.56336
249,8.84106,4.56336
250,8.84106,4.56336
251,8.84106,4.56336
252,-inf,nan
253,-inf,nan
254,8.84106,4.56336
255,8.84106,4.56336
256,8.84106,4.56336
257,8.84106,4.56336
258,nan,nan
259,nan,nan
260,-8.89461,4.6127
261,8.84106,4.56336
262,3.54918,-11.3703
263,2.46844,-11.4297
264,8.84106,4.56336
265,nan,nan
266,8.84106,4.56336
267,8.84106,4.56336
268,8.84106,4.56336
269,8.84106,4.56336
270,8.84106,4.56336
271,8.84106,4.56336
272,8.84106,4.56336
273,8.84106,4.56336
274,nan,nan
275,8.84106,4.56336
276,nan,nan
277,nan,nan
278,9.94564,-0.272336
279,3.50536,11.3374
280,3.9968,-10.4173
281,4.73062,-9.68435
282,8.84106,4.56336
283,8.84106,4.56336
284,nan,nan
285,8.84106,4.56336
286,nan,nan
287,nan,nan
288,nan,nan
289,nan,nan
290,nan,nan
291,nan,nan
292,nan,nan
293,nan,nan
294,8.84106,4.56336
295,8.59745,2.69127
296,nan,nan
297,nan,nan
298,8.84106,4.56336
299,3.97021,10.3426
300,8.84106,4.56336
301,nan,nan
302,nan,nan
303,nan,nan
304,nan,nan
305,8.84106,4.56336
306,nan,nan
307,nan,nan
308,nan,nan
309,nan,nan
310,nan,nan
311,8.84106,4.56336
312,nan,-inf
313,8.84106,4.56336
314,nan,nan
315,8.84106,4.56336
316,8.84106,4.56336
317,8.84106,4.56336
318,nan,nan
319,8.84106,4.56336
320,nan,nan
321,nan,nan
322,nan,nan
323,nan,nan
324,8.84106,4.56336
325,inf,nan
326,8.84106,4.56336
327,8.84106,4.56336
328,nan,nan
329,1.87523,-9.81942
330,nan,nan
331,8.84106,4.56336
332,nan,nan
333,8.84106,4.56336
334,nan,nan
335,nan,nan
336,nan,nan
337,nan,inf
338,nan,nan
339,nan,nan
340,8.84106,4.56336
341,8.84106,4.56336
342,nan,nan
343,-5.49894,9.94453
344,nan,nan
345,-9.76608,1.35923
346,nan,nan
347,5.7842,9.49151
348,8.84106,4.56336
349,inf,nan
350,6.99357,-8.68471
351,nan,nan
352,8.84106,4.56336
353,nan,nan
354,8.84106,4.56336
355,8.84106,4.56336
356,8.84106,4.56336
357,8.84106,4.56336
358,8.84106,4.56336
359,nan,nan
360,nan,-inf
361,8.84106,4.56336
362,nan,nan
363,8.84106,4.56336
364,8.84106,4.56336
365,8.84106,4.56336
366,8.84106,4.56336
367,nan,nan
368,nan,nan
369,8.60448,7.88929
370,6.81032,8.71962
371,5.34195,-10.5415
372,8.84106,4.56336
373,8.84106,4.56336
374,8.84106,4.56336
375,8.84106,4.56336
376,8.84106,4.56336
377,8.84106,4.56336
378,nan,nan
379,-3.07084,-10.2367
380,-9.85857,-1.64756
381,8.84106,4.56336
382,8.84106,4.56336
383,8.84106,4.56336
384,nan,nan
385,nan,nan
386,8.84106,4.56336
387,8.84106,4.56336
388,8.84106,4.56336
389,nan,nan
390,8.84106,4.56336
391,nan,nan
392,9.23298,-6.89407
393,6.68467,7.43354
394,7.36369,6.66046
395,8.84106,4.56336
396,nan,nan
397,8.84106,4.56336
398,nan,nan
399,8.84106,4.56336
400,0,0
401,8.84106,4.56336
402,9.7671,-1.36145
403,8.84106,4.56336
404,nan,nan
405,8.84106,4.56336
406,3.98615,8.0239
407,9.77076,6.4002
408,7.58242,8.01679
409,10.3154,-5.17287
410,8.84106,4.56336
411,nan,nan
412,8.84106,4.56336
413,8.84106,4.56336
414,nan,nan
415,nan,-inf
416,11.9382,0.926183
417,8.84106,4.56336
418,11.0123,3.4309
419,-4.56632,9.46404
420,10.2896,4.38949
421,9.76657,5.19841
422,8.84106,4.56336
423,11.5887,-2.58321
424,3.4048,9.44457
425,8.84106,4.56336
426,nan,inf
427,8.84106,4.56336
428,11.0062,1.72751
429,0,0
430,8.84106,4.56336
431,nan,inf
0,-5.10749,-10.2497
1,8.88549,4.5881
2,nan,-inf
3,8.88549,4.5881
4,0,0
5,-10.5478,-4.24809
6,8.88549,4.5881
7,-10.9408,-3.21124
8,-10.9849,-1.95441
9,-11.2662,-0.879596
10,nan,inf
11,-0.735751,9.96893
12,5.65034,-8.25788
13,-11.3338,3.24497
14,8.88549,4.5881
15,8.32113,5.55928
16,-9.38943,-3.47132
17,-10.1785,-5.28694
18,8.88549,4.5881
19,-4.46948,-8.95755
20,0,0
21,8.88549,4.5881
22,8.88549,4.5881
23,nan,-inf
24,8.88549,4.5881
25,8.88549,4.5881
26,-10.5664,2.41449
27,-10.2616,3.4663
28,8.88549,4.5881
29,nan,nan
30,-0.383175,-11.0147
31,8.88549,4.5881
32,8.48708,6.71901
33,8.88549,4.5881
34,nan,nan
35,8.88549,4.5881
36,nan,nan
37,nan,nan
38,8.88549,4.5881
39,8.88549,4.5881
40,8.88549,4.5881
41,10.6428,-2.13955
42,nan,nan
43,nan,nan
44,nan,nan
45,8.88549,4.5881
46,8.88549,4.5881
47,8.88549,4.5881
48,-9.93471,-0.762952
49,8.88549,4.5881
50,-7.46239,-7.78361
51,-8.51139,-7.92879
52,8.88549,4.5881
53,nan,nan
54,8.88549,4.5881
55,nan,nan
56,nan,nan
57,8.88549,4.5881
58,8.88549,4.5881
59,8.88549,4.5881
60,8.88549,4.5881
61,nan,nan
62,8.88549,4.5881
63,8.88549,4.5881
64,nan,nan
65,nan,nan
66,8.88549,4.5881
67,nan,nan
68,nan,nan
69,-8.40932,7.75499
70,-8.11773,8.82664
71,8.88549,4.5881
72,-7.00845,-8.74756
73,nan,nan
74,8.88549,4.5881
75,nan,nan
76,8.88549,4.5881
77,nan,nan
78,8.88549,4.5881
79,8.88549,4.5881
80,nan,nan
81,nan,nan
82,nan,-inf
83,nan,nan
84,8.88549,4.5881
85,nan,nan
86,8.88549,4.5881
87,nan,nan
88,8.88549,4.5881
89,nan,nan
90,-6.42215,-7.56553
91,nan,nan
92,-7.04057,8.59284
93,8.88549,4.5881
94,-inf,nan
95,nan,nan
96,-6.11736,-9.35437
97,nan,nan
98,nan,nan
99,8.88549,4.5881
100,-10.6596,0.0449398
101,8.88549,4.5881
102,8.88549,4.5881
103,8.88549,4.5881
104,nan,nan
105,8.88549,4.5881
106,nan,inf
107,8.88549,4.5881
108,nan,nan
109,nan,nan
110,8.88549,4.5881
111,nan,nan
112,8.88549,4.5881
113,8.88549,4.5881
114,-0.0705917,-9.9803
115,nan,nan
116,-6.07564,9.10102
117,nan,nan
118,-inf,nan
119,8.88549,4.5881
120,nan,nan
121,nan,nan
122,8.88549,4.5881
123,8.88549,4.5881
124,8.88549,4.5881
125,nan,nan
126,nan,nan
127,8.88549,4.5881
128,nan,nan
129,nan,nan
130,nan,inf
131,nan,nan
132,nan,nan
133,nan,nan
134,nan,nan
135,nan,nan
136,8.88549,4.5881
137,8.88549,4.5881
138,9.83435,-4.34869
139,nan,nan
140,8.88549,4.5881
141,8.88549,4.5881
142,-3.54388,-11.4437
143,-4.06768,-10.4993
144,nan,nan
145,nan,nan
146,nan,nan
147,8.88549,4.5881
148,8.88549,4.5881
149,nan,nan
150,8.88549,4.5881
151,nan,nan
152,nan,nan
153,8.88549,4.5881
154,nan,nan
155,8.88549,4.5881
156,8.88549,4.5881
157,nan,nan
158,8.88549,4.5881
159,8.88549,4.5881
160,-4.06314,10.3578
161,-3.63568,11.357
162,8.88549,4.5881
163,-2.47521,-11.6262
164,8.88549,4.5881
165,nan,nan
166,11.0848,-0.403148
167,8.88549,4.5881
168,8.88549,4.5881
169,8.88549,4.5881
170,inf,nan
171,inf,nan
172,8.88549,4.5881
173,8.88549,4.5881
174,-8.80146,-4.77234
175,8.88549,4.5881
176,8.88549,4.5881
177,nan,nan
178,-2.57654,11.6486
179,8.88549,4.5881
180,-1.38819,-11.4365
181,-2.06227,-10.5923
182,nan,nan
183,nan,nan
184,8.88549,4.5881
185,8.88549,4.5881
186,nan,nan
187,8.88549,4.5881
188,8.88549,4.5881
189,nan,nan
190,nan,nan
191,8.88549,4.5881
192,nan,nan
193,nan,nan
194,8.88549,4.5881
195,-2.11909,9.77164
196,nan,nan
197,8.88549,4.5881
198,8.88549,4.5881
199,nan,nan
200,nan,nan
201,8.88549,4.5881
202,8.88549,4.5881
203,nan,nan
204,nan,nan
205,8.88549,4.5881
206,8.88549,4.5881
207,nan,nan
208,nan,nan
209,8.88549,4.5881
210,8.88549,4.5881
211,-9.21158,3.65641
212,8.88549,4.5881
213,8.88549,4.5881
214,8.88549,4.5881
215,8.88549,4.5881
216,nan,nan
217,8.88549,4.5881
218,8.88549,4.5881
219,8.88549,4.5881
220,8.88549,4.5881
221,8.88549,4.5881
222,8.88549,4.5881
223,nan,nan
224,nan,nan
225,8.88549,4.5881
226,8.88549,4.5881
227,9.27894,-3.44554
228,0.982101,-9.96551
229,8.88549,4.5881
230,nan,nan
231,8.88549,4.5881
232,nan,nan
233,8.88549,4.5881
234,nan,nan
235,nan,nan
236,nan,nan
237,nan,nan
238,8.88549,4.5881
239,8.88549,4.5881
240,nan,nan
241,nan,nan
242,8.88549,4.5881
243,5.04269,9.36628
244,8.88549,4.5881
245,3.72316,-9.27661
246,9.3335,-5.68539
247,nan,nan
248,8.88549,4.5881
249,8.88549,4.5881
250,8.88549,4.5881
251,8.88549,4.5881
252,-inf,nan
253,-inf,nan
254,8.88549,4.5881
255,8.88549,4.5881
256,8.88549,4.5881
257,8.88549,4.5881
258,nan,nan
259,nan,nan
260,-8.87724,4.68149
261,8.88549,4.5881
262,3.55434,-11.404
263,2.44851,-11.4224
264,8.88549,4.5881
265,nan,nan
266,8.88549,4.5881
267,8.88549,4.5881
268,8.88549,4.5881
269,8.88549,4.5881
270,8.88549,4.5881
271,8.88549,4.5881
272,8.88549,4.5881
273,8.88549,4.5881
274,nan,nan
275,8.88549,4.5881
276,nan,nan
277,nan,nan
278,9.98971,-0.382531
279,3.50163,11.342
280,3.9906,-10.3991
281,4.76558,-9.62596
282,8.88549,4.5881
283,8.88549,4.5881
284,nan,nan
285,8.88549,4.5881
286,nan,nan
287,nan,nan
288,nan,nan
289,nan,nan
290,nan,nan
291,nan,nan
292,nan,nan
293,nan,nan
294,8.88549,4.5881
295,9.68219,2.48616
296,nan,nan
297,nan,nan
298,8.88549,4.5881
299,3.9961,10.3323
300,8.88549,4.5881
301,nan,nan
302,nan,nan
303,nan,nan
304,nan,nan
305,8.88549,4.5881
306,nan,nan
307,nan,nan
308,nan,nan
309,nan,nan
310,nan,nan
311,8.88549,4.5881
312,nan,-inf
313,8.88549,4.5881
314,nan,nan
315,8.88549,4.5881
316,8.88549,4.5881
317,8.88549,4.5881
318,nan,nan
319,8.88549,4.5881
320,nan,nan
321,nan,nan
322,nan,nan
323,nan,nan
324,8.88549,4.5881
325,inf,nan
326,8.88549,4.5881
327,8.88549,4.5881
328,nan,nan
329,2.02558,-9.80329
330,nan,nan
331,8.88549,4.5881
332,nan,nan
333,8.88549,4.5881
334,nan,nan
335,nan,nan
336,nan,nan
337,nan,inf
338,nan,nan
339,nan,nan
340,8.88549,4.5881
341,8.88549,4.5881
342,nan,nan
343,-5.4921,10.0033
344,nan,nan
345,-9.91117,1.38907
346,nan,nan
347,6.0703,9.54922
348,8.88549,4.5881
349,inf,nan
350,6.98267,-8.67273
351,nan,nan
352,8.88549,4.5881
353,nan,nan
354,8.88549,4.5881
355,8.88549,4.5881
356,8.88549,4.5881
357,8.88549,4.5881
358,8.88549,4.5881
359,nan,nan
360,nan,-inf
361,8.88549,4.5881
362,nan,nan
363,8.88549,4.5881
364,8.88549,4.5881
365,8.88549,4.5881
366,8.88549,4.5881
367,nan,nan
368,nan,nan
369,8.66443,7.88961
370,6.77627,8.72132
371,5.33754,-10.5643
372,8.88549,4.5881
373,8.88549,4.5881
374,8.88549,4.5881
375,8.88549,4.5881
376,8.88549,4.5881
377,8.88549,4.5881
378,nan,nan
379,-3.05095,-10.1948
380,-9.89844,-1.90258
381,8.88549,4.5881
382,8.88549,4.5881
383,8.88549,4.5881
384,nan,nan
385,nan,nan
386,8.88549,4.5881
387,8.88549,4.5881
388,8.88549,4.5881
389,nan,nan
390,8.88549,4.5881
391,nan,nan
392,9.23529,-6.87016
393,6.6382,7.46431
394,7.41073,6.64768
395,8.88549,4.5881
396,nan,nan
397,8.88549,4.5881
398,nan,nan
399,8.88549,4.5881
400,0,0
401,8.88549,4.5881
402,9.8514,-1.4308
403,8.88549,4.5881
404,nan,nan
405,8.88549,4.5881
406,4.11011,8.91271
407,9.35872,5.60655
408,7.5881,7.98788
409,10.3717,-5.25974
410,8.88549,4.5881
411,nan,nan
412,8.88549,4.5881
413,8.88549,4.5881
414,nan,nan
415,nan,-inf
416,11.9144,0.933732
417,8.88549,4.5881
418,10.9101,3.4775
419,-4.57447,9.39517
420,9.99354,0.688498
421,-5.77558,8.07157
422,8.88549,4.5881
423,11.6203,-2.59822
424,3.24072,9.51281
425,8.88549,4.5881
426,nan,inf
427,8.88549,4.5881
428,11.011,1.71332
429,0,0
430,8.88549,4.5881
431,nan,inf
0,-5.14785,-10.2135
1,8.88621,4.58873
2,nan,-inf
3,8.88621,4.58873
4,0,0
5,-10.5306,-4.23307
6,8.88621,4.58873
7,-10.9295,-3.18165
8,-10.9926,-1.97539
9,-11.2429,-0.882635
10,nan,inf
11,-0.754016,9.97119
12,5.66228,-8.27073
13,-11.3608,3.22928
14,8.88621,4.58873
15,8.27728,5.53065
16,-9.41063,-3.48921
17,-10.1625,-5.28688
18,8.88621,4.58873
19,-4.47876,-8.9829
20,0,0
21,8.88621,4.58873
22,8.88621,4.58873
23,nan,-inf
24,8.88621,4.58873
25,8.88621,4.58873
26,-10.5634,2.39127
27,-10.3091,3.4699
28,8.88621,4.58873
29,nan,nan
30,-0.372878,-11.039
31,8.88621,4.58873
32,8.59002,6.49446
33,8.88621,4.58873
34,nan,nan
35,8.88621,4.58873
36,nan,nan
37,nan,nan
38,8.88621,4.58873
39,8.88621,4.58873
40,8.88621,4.58873
41,10.6601,-2.17068
42,nan,nan
43,nan,nan
44,nan,nan
45,8.88621,4.58873
46,8.88621,4.58873
47,8.88621,4.58873
48,-9.98283,-0.793336
49,8.88621,4.58873
50,-7.49508,-7.7594
51,-8.5598,-7.93922
52,8.88621,4.58873
53,nan,nan
54,8.88621,4.58873
55,nan,nan
56,nan,nan
57,8.88621,4.58873
58,8.88621,4.58873
59,8.88621,4.58873
60,8.88621,4.58873
61,nan,nan
62,8.88621,4.58873
63,8.88621,4.58873
64,nan,nan
65,nan,nan
66,8.88621,4.58873
67,nan,nan
68,nan,nan
69,-8.40349,7.75398
70,-8.12118,8.83356
71,8.88621,4.58873
72,-7.00214,-8.74185
73,nan,nan
74,8.88621,4.58873
75,nan,nan
76,8.88621,4.58873
77,nan,nan
78,8.88621,4.58873
79,8.88621,4.58873
80,nan,nan
81,nan,nan
82,nan,-inf
83,nan,nan
84,8.88621,4.58873
85,nan,nan
86,8.88621,4.58873
87,nan,nan
88,8.88621,4.58873
89,nan,nan
90,-6.42392,-7.65847
91,nan,nan
92,-7.03325,8.57167
93,8.88621,4.58873
94,-inf,nan
95,nan,nan
96,-6.08188,-9.37265
97,nan,nan
98,nan,nan
99,8.88621,4.58873
100,-10.6665,0.0753104
101,8.88621,4.58873
102,8.88621,4.58873
103,8.88621,4.58873
104,nan,nan
105,8.88621,4.58873
106,nan,inf
107,8.88621,4.58873
108,nan,nan
109,nan,nan
110,8.88621,4.58873
111,nan,nan
112,8.88621,4.58873
113,8.88621,4.58873
114,-0.105523,-9.9875
115,nan,nan
116,-6.09105,9.15025
117,nan,nan
118,-inf,nan
119,8.88621,4.58873
120,nan,nan
121,nan,nan
122,8.88621,4.58873
123,8.88621,4.58873
124,8.88621,4.58873
125,nan,nan
126,nan,nan
127,8.88621,4.58873
128,nan,nan
129,nan,nan
130,nan,inf
131,nan,nan
132,nan,nan
133,nan,nan
134,nan,nan
135,nan,nan
136,8.88621,4.58873
137,8.88621,4.58873
138,9.83866,-4.39094
139,nan,nan
140,8.88621,4.58873
141,8.88621,4.58873
142,-3.54564,-11.4402
143,-4.09109,-10.4899
144,nan,nan
145,nan,nan
146,nan,nan
147,8.88621,4.58873
148,8.88621,4.58873
149,nan,nan
150,8.88621,4.58873
151,nan,nan
152,nan,nan
153,8.88621,4.58873
154,nan,nan
155,8.88621,4.58873
156,8.88621,4.58873
157,nan,nan
158,8.88621,4.58873
159,8.88621,4.58873
160,-4.07407,10.3523
161,-3.64023,11.3692
162,8.88621,4.58873
163,-2.46874,-11.6244
164,8.88621,4.58873
165,nan,nan
166,11.0922,-0.397231
167,8.88621,4.58873
168,8.88621,4.58873
169,8.88621,4.58873
170,inf,nan
171,inf,nan
172,8.88621,4.58873
173,8.88621,4.58873
174,-8.82458,-4.7616
175,8.88621,4.58873
176,8.88621,4.58873
177,nan,nan
178,-2.56564,11.6479
179,8.88621,4.58873
180,-1.38034,-11.4623
181,-2.03957,-10.5873
182,nan,nan
183,nan,nan
184,8.88621,4.58873
185,8.88621,4.58873
186,nan,nan
187,8.88621,4.58873
188,8.88621,4.58873
189,nan,nan
190,nan,nan
191,8.88621,4.58873
192,nan,nan
193,nan,nan
194,8.88621,4.58873
195,-2.10459,9.77757
196,nan,nan
197,8.88621,4.58873
198,8.88621,4.58873
199,nan,nan
200,nan,nan
201,8.88621,4.58873
202,8.88621,4.58873
203,nan,nan
204,nan,nan
205,8.88621,4.58873
206,8.88621,4.58873
207,nan,nan
208,nan,nan
209,8.88621,4.58873
210,8.88621,4.58873
211,-9.2685,3.6946
212,8.88621,4.58873
213,8.88621,4.58873
214,8.88621,4.58873
215,8.88621,4.58873
216,nan,nan
217,8.88621,4.58873
218,8.88621,4.58873
219,8.88621,4.58873
220,8.88621,4.58873
221,8.88621,4.58873
222,8.88621,4.58873
223,nan,nan
224,nan,nan
225,8.88621,4.58873
226,8.88621,4.58873
227,9.38299,-3.41719
228,0.985664,-9.97472
229,8.88621,4.58873
230,nan,nan
231,8.88621,4.58873
232,nan,nan
233,8.88621,4.58873
234,nan,nan
235,nan,nan
236,nan,nan
237,nan,nan
238,8.88621,4.58873
239,8.88621,4.58873
240,nan,nan
241,nan,nan
242,8.88621,4.58873
243,5.10939,9.42144
244,8.88621,4.58873
245,3.71399,-9.28929
246,9.33886,-5.68764
247,nan,nan
248,8.88621,4.58873
249,8.88621,4.58873
250,8.88621,4.58873
251,8.88621,4.58873
252,-inf,nan
253,-inf,nan
254,8.88621,4.58873
255,8.88621,4.58873
256,8.88621,4.58873
257,8.88621,4.58873
258,nan,nan
259,nan,nan
260,-8.86775,4.70971
261,8.88621,4.58873
262,3.5581,-11.4113
263,2.44175,-11.4132
264,8.88621,4.58873
265,nan,nan
266,8.88621,4.58873
267,8.88621,4.58873
268,8.88621,4.58873
269,8.88621,4.58873
270,8.88621,4.58873
271,8.88621,4.58873
272,8.88621,4.58873
273,8.88621,4.58873
274,nan,nan
275,8.88621,4.58873
276,nan,nan
277,nan,nan
278,9.98964,-0.366111
279,3.50427,11.3321
280,3.99954,-10.391
281,4.78207,-9.60357
282,8.88621,4.58873
283,8.88621,4.58873
284,nan,nan
285,8.88621,4.58873
286,nan,nan
287,nan,nan
288,nan,nan
289,nan,nan
290,nan,nan
291,nan,nan
292,nan,nan
293,nan,nan
294,8.88621,4.58873
295,9.63283,2.67433
296,nan,nan
297,nan,nan
298,8.88621,4.58873
299,4.00814,10.3049
300,8.88621,4.58873
301,nan,nan
302,nan,nan
303,nan,nan
304,nan,nan
305,8.88621,4.58873
306,nan,nan
307,nan,nan
308,nan,nan
309,nan,nan
310,nan,nan
311,8.88621,4.58873
312,nan,-inf
313,8.88621,4.58873
314,nan,nan
315,8.88621,4.58873
316,8.88621,4.58873
317,8.88621,4.58873
318,nan,nan
319,8.88621,4.58873
320,nan,nan
321,nan,nan
322,nan,nan
323,nan,nan
324,8.88621,4.58873
325,inf,nan
326,8.88621,4.58873
327,8.88621,4.58873
328,nan,nan
329,2.0694,-9.80351
330,nan,nan
331,8.88621,4.58873
332,nan,nan
333,8.88621,4.58873
334,nan,nan
335,nan,nan
336,nan,nan
337,nan,inf
338,nan,nan
339,nan,nan
340,8.88621,4.58873
341,8.88621,4.58873
342,nan,nan
343,-5.46738,10.0417
344,nan,nan
345,-9.92848,1.39899
346,nan,nan
347,6.15461,9.58718
348,8.88621,4.58873
349,inf,nan
350,6.9649,-8.66785
351,nan,nan
352,8.88621,4.58873
353,nan,nan
354,8.88621,4.58873
355,8.88621,4.58873
356,8.88621,4.58873
357,8.88621,4.58873
358,8.88621,4.58873
359,nan,nan
360,nan,-inf
361,8.88621,4.58873
362,nan,nan
363,8.88621,4.58873
364,8.88621,4.58873
365,8.88621,4.58873
366,8.88621,4.58873
367,nan,nan
368,nan,nan
369,8.68624,7.86053
370,6.77452,8.68761
371,5.32147,-10.5716
372,8.88621,4.58873
373,8.88621,4.58873
374,8.88621,4.58873
375,8.88621,4.58873
376,8.88621,4.58873
377,8.88621,4.58873
378,nan,nan
379,-3.05076,-10.1932
380,-9.88865,-1.9077
381,8.88621,4.58873
382,8.88621,4.58873
383,8.88621,4.58873
384,nan,nan
385,nan,nan
386,8.88621,4.58873
387,8.88621,4.58873
388,8.88621,4.58873
389,nan,nan
390,8.88621,4.58873
391,nan,nan
392,9.23815,-6.84938
393,6.63343,7.47856
394,7.47092,6.64983
395,8.88621,4.58873
396,nan,nan
397,8.88621,4.58873
398,nan,nan
399,8.88621,4.58873
400,0,0
401,8.88621,4.58873
402,9.87983,-1.43959
403,8.88621,4.58873
404,nan,nan
405,8.88621,4.58873
406,4.12058,9.08287
407,9.37922,5.59728
408,7.60286,7.9672
409,10.399,-5.31118
410,8.88621,4.58873
411,nan,nan
412,8.88621,4.58873
413,8.88621,4.58873
414,nan,nan
415,nan,-inf
416,11.892,0.938157
417,8.88621,4.58873
418,10.7632,3.54326
419,-4.58546,9.37041
420,10.0138,0.727252
421,-5.83979,8.10405
422,8.88621,4.58873
423,11.6509,-2.61214
424,3.16662,9.55547
425,8.88621,4.58873
426,nan,inf
427,8.88621,4.58873
428,11.0069,1.69559
429,0,0
430,8.88621,4.58873
431,nan,inf
0,-5.17095,-10.178
1,8.88962,4.58623
2,nan,-inf
3,8.88962,4.58623
4,0,0
5,-10.5103,-4.2169
6,8.88962,4.58623
7,-10.9147,-3.16052
8,-10.9935,-1.98902
9,-11.2152,-0.886484
10,nan,inf
11,-0.774037,9.96888
12,5.67577,-8.28467
13,-11.3797,3.21065
14,8.88962,4.58623
15,8.25588,5.51038
16,-9.43448,-3.50991
17,-10.1469,-5.27952
18,8.88962,4.58623
19,-4.4904,-9.01185
20,0,0
21,8.88962,4.58623
22,8.88962,4.58623
23,nan,-inf
24,8.88962,4.58623
25,8.88962,4.58623
26,-10.564,2.38357
27,-10.3241,3.47286
28,8.88962,4.58623
29,nan,nan
30,-0.362485,-11.0537
31,8.88962,4.58623
32,8.79479,6.2958
33,8.88962,4.58623
34,nan,nan
35,8.88962,4.58623
36,nan,nan
37,nan,nan
38,8.88962,4.58623
39,8.88962,4.58623
40,8.88962,4.58623
41,10.6655,-2.18863
42,nan,nan
43,nan,nan
44,nan,nan
45,8.88962,4.58623
46,8.88962,4.58623
47,8.88962,4.58623
48,-10.0079,-0.805889
49,8.88962,4.58623
50,-7.50206,-7.74749
51,-8.58082,-7.94561
52,8.88962,4.58623
53,nan,nan
54,8.88962,4.58623
55,nan,nan
56,nan,nan
57,8.88962,4.58623
58,8.88962,4.58623
59,8.88962,4.58623
60,8.88962,4.58623
61,nan,nan
62,8.88962,4.58623
63,8.88962,4.58623
64,nan,nan
65,nan,nan
66,8.88962,4.58623
67,nan,nan
68,nan,nan
69,-8.39685,7.75495
70,-8.11734,8.83679
71,8.88962,4.58623
72,-6.98765,-8.73129
73,nan,nan
74,8.88962,4.58623
75,nan,nan
76,8.88962,4.58623
77,nan,nan
78,8.88962,4.58623
79,8.88962,4.58623
80,nan,nan
81,nan,nan
82,nan,-inf
83,nan,nan
84,8.88962,4.58623
85,nan,nan
86,8.88962,4.58623
87,nan,nan
88,8.88962,4.58623
89,nan,nan
90,-6.40816,-7.68405
91,nan,nan
92,-7.02441,8.55588
93,8.88962,4.58623
94,-inf,nan
95,nan,nan
96,-6.05993,-9.38081
97,nan,nan
98,nan,nan
99,8.88962,4.58623
100,-10.6652,0.091381
101,8.88962,4.58623
102,8.88962,4.58623
103,8.88962,4.58623
104,nan,nan
105,8.88962,4.58623
106,nan,inf
107,8.88962,4.58623
108,nan,nan
109,nan,nan
110,8.88962,4.58623
111,nan,nan
112,8.88962,4.58623
113,8.88962,4.58623
114,-0.11799,-9.99512
115,nan,nan
116,-6.09302,9.16943
117,nan,nan
118,-inf,nan
119,8.88962,4.58623
120,nan,nan
121,nan,nan
122,8.88962,4.58623
123,8.88962,4.58623
124,8.88962,4.58623
125,nan,nan
126,nan,nan
127,8.88962,4.58623
128,nan,nan
129,nan,nan
130,nan,inf
131,nan,nan
132,nan,nan
133,nan,nan
134,nan,nan
135,nan,nan
136,8.88962,4.58623
137,8.88962,4.58623
138,9.82915,-4.40878
139,nan,nan
140,8.88962,4.58623
141,8.88962,4.58623
142,-3.54664,-11.4277
143,-4.10963,-10.479
144,nan,nan
145,nan,nan
146,nan,nan
147,8.88962,4.58623
148,8.88962,4.58623
149,nan,nan
150,8.88962,4.58623
151,nan,nan
152,nan,nan
153,8.88962,4.58623
154,nan,nan
155,8.88962,4.58623
156,8.88962,4.58623
157,nan,nan
158,8.88962,4.58623
159,8.88962,4.58623
160,-4.08748,10.3487
161,-3.64321,11.3725
162,8.88962,4.58623
163,-2.46737,-11.6191
164,8.88962,4.58623
165,nan,nan
166,11.096,-0.390131
167,8.88962,4.58623
168,8.88962,4.58623
169,8.88962,4.58623
170,inf,nan
171,inf,nan
172,8.88962,4.58623
173,8.88962,4.58623
174,-8.85071,-4.75009
175,8.88962,4.58623
176,8.88962,4.58623
177,nan,nan
178,-2.56075,11.6455
179,8.88962,4.58623
180,-1.3749,-11.4781
181,-2.02566,-10.5865
182,nan,nan
183,nan,nan
184,8.88962,4.58623
185,8.88962,4.58623
186,nan,nan
187,8.88962,4.58623
188,8.88962,4.58623
189,nan,nan
190,nan,nan
191,8.88962,4.58623
192,nan,nan
193,nan,nan
194,8.88962,4.58623
195,-2.08786,9.78365
196,nan,nan
197,8.88962,4.58623
198,8.88962,4.58623
199,nan,nan
200,nan,nan
201,8.88962,4.58623
202,8.88962,4.58623
203,nan,nan
204,nan,nan
205,8.88962,4.58623
206,8.88962,4.58623
207,nan,nan
208,nan,nan
209,8.88962,4.58623
210,8.88962,4.58623
211,-9.28197,3.7064
212,8.88962,4.58623
213,8.88962,4.58623
214,8.88962,4.58623
215,8.88962,4.58623
216,nan,nan
217,8.88962,4.58623
218,8.88962,4.58623
219,8.88962,4.58623
220,8.88962,4.58623
221,8.88962,4.58623
222,8.88962,4.58623
223,nan,nan
224,nan,nan
225,8.88962,4.58623
226,8.88962,4.58623
227,9.40184,-3.39795
228,0.988417,-9.98052
229,8.88962,4.58623
230,nan,nan
231,8.88962,4.58623
232,nan,nan
233,8.88962,4.58623
234,nan,nan
235,nan,nan
236,nan,nan
237,nan,nan
238,8.88962,4.58623
239,8.88962,4.58623
240,nan,nan
241,nan,nan
242,8.88962,4.58623
243,5.11991,9.44661
244,8.88962,4.58623
245,3.70884,-9.29808
246,9.34468,-5.68457
247,nan,nan
248,8.88962,4.58623
249,8.88962,4.58623
250,8.88962,4.58623
251,8.88962,4.58623
252,-inf,nan
253,-inf,nan
254,8.88962,4.58623
255,8.88962,4.58623
256,8.88962,4.58623
257,8.88962,4.58623
258,nan,nan
259,nan,nan
260,-8.86298,4.72508
261,8.88962,4.58623
262,3.56037,-11.4115
263,2.43957,-11.4034
264,8.88962,4.58623
265,nan,nan
266,8.88962,4.58623
267,8.88962,4.58623
268,8.88962,4.58623
269,8.88962,4.58623
270,8.88962,4.58623
271,8.88962,4.58623
272,8.88962,4.58623
273,8.88962,4.58623
274,nan,nan
275,8.88962,4.58623
276,nan,nan
277,nan,nan
278,9.99087,-0.353863
279,3.50921,11.3167
280,4.01303,-10.3888
281,4.78994,-9.58739
282,8.88962,4.58623
283,8.88962,4.58623
284,nan,nan
285,8.88962,4.58623
286,nan,nan
287,nan,nan
288,nan,nan
289,nan,nan
290,nan,nan
291,nan,nan
292,nan,nan
293,nan,nan
294,8.88962,4.58623
295,9.33092,3.55262
296,nan,nan
297,nan,nan
298,8.88962,4.58623
299,4.01659,10.2815
300,8.88962,4.58623
301,nan,nan
302,nan,nan
303,nan,nan
304,nan,nan
305,8.88962,4.58623
306,nan,nan
307,nan,nan
308,nan,nan
309,nan,nan
310,nan,nan
311,8.88962,4.58623
312,nan,-inf
313,8.88962,4.58623
314,nan,nan
315,8.88962,4.58623
316,8.88962,4.58623
317,8.88962,4.58623
318,nan,nan
319,8.88962,4.58623
320,nan,nan
321,nan,nan
322,nan,nan
323,nan,nan
324,8.88962,4.58623
325,inf,nan
326,8.88962,4.58623
327,8.88962,4.58623
328,nan,nan
329,2.08819,-9.80814
330,nan,nan
331,8.88962,4.58623
332,nan,nan
333,8.88962,4.58623
334,nan,nan
335,nan,nan
336,nan,nan
337,nan,inf
338,nan,nan
339,nan,nan
340,8.88962,4.58623
341,8.88962,4.58623
342,nan,nan
343,-5.44768,10.0644
344,nan,nan
345,-9.94373,1.40456
346,nan,nan
347,6.19135,9.60603
348,8.88962,4.58623
349,inf,nan
350,6.94504,-8.6625
351,nan,nan
352,8.88962,4.58623
353,nan,nan
354,8.88962,4.58623
355,8.88962,4.58623
356,8.88962,4.58623
357,8.88962,4.58623
358,8.88962,4.58623
359,nan,nan
360,nan,-inf
361,8.88962,4.58623
362,nan,nan
363,8.88962,4.58623
364,8.88962,4.58623
365,8.88962,4.58623
366,8.88962,4.58623
367,nan,nan
368,nan,nan
369,8.70345,7.84048
370,6.76798,8.66134
371,5.30101,-10.5746
372,8.88962,4.58623
373,8.88962,4.58623
374,8.88962,4.58623
375,8.88962,4.58623
376,8.88962,4.58623
377,8.88962,4.58623
378,nan,nan
379,-3.0526,-10.2045
380,-9.88663,-1.91747
381,8.88962,4.58623
382,8.88962,4.58623
383,8.88962,4.58623
384,nan,nan
385,nan,nan
386,8.88962,4.58623
387,8.88962,4.58623
388,8.88962,4.58623
389,nan,nan
390,8.88962,4.58623
391,nan,nan
392,9.24094,-6.83239
393,6.63357,7.4793
394,7.53461,6.60417
395,8.88962,4.58623
396,nan,nan
397,8.88962,4.58623
398,nan,nan
399,8.88962,4.58623
400,0,0
401,8.88962,4.58623
402,9.89129,-1.44127
403,8.88962,4.58623
404,nan,nan
405,8.88962,4.58623
406,4.11078,9.1115
407,9.45932,5.55241
408,7.61468,7.95016
409,10.4113,-5.33644
410,8.88962,4.58623
411,nan,nan
412,8.88962,4.58623
413,8.88962,4.58623
414,nan,nan
415,nan,-inf
416,11.8735,0.937875
417,8.88962,4.58623
418,10.4393,3.70606
419,-4.5949,9.35536
420,10.0369,0.75023
421,-5.86113,8.09975
422,8.88962,4.58623
423,11.6717,-2.62118
424,3.13344,9.57957
425,8.88962,4.58623
426,nan,inf
427,8.88962,4.58623
428,11.0003,1.67586
429,0,0
430,8.88962,4.58623
431,nan,inf
0,-5.18273,-10.1451
1,8.89482,4.59349
2,nan,-inf
3,8.89482,4.59349
4,0,0
5,-10.4871,-4.20074
6,8.89482,4.59349
7,-10.8975,-3.14584
8,-10.9934,-1.99658
9,-11.19,-0.889918
10,nan,inf
11,-0.796221,9.96614
12,5.69088,-8.29955
13,-11.391,3.19359
14,8.89482,4.59349
15,8.10802,5.39575
16,-9.46041,-3.53317
17,-10.13,-5.26821
18,8.89482,4.59349
19,-4.50462,-9.04508
20,0,0
21,8.89482,4.59349
22,8.89482,4.59349
23,nan,-inf
24,8.89482,4.59349
25,8.89482,4.59349
26,-10.5662,2.38126
27,-10.3332,3.47471
28,8.89482,4.59349
29,nan,nan
30,-0.353749,-11.0632
31,8.89482,4.59349
32,9.05745,5.70668
33,8.89482,4.59349
34,nan,nan
35,8.89482,4.59349
36,nan,nan
37,nan,nan
38,8.89482,4.59349
39,8.89482,4.59349
40,8.89482,4.59349
41,10.6675,-2.20126
42,nan,nan
43,nan,nan
44,nan,nan
45,8.89482,4.59349
46,8.89482,4.59349
47,8.89482,4.59349
48,-10.0316,-0.816851
49,8.89482,4.59349
50,-7.50521,-7.74119
51,-8.59065,-7.94998
52,8.89482,4.59349
53,nan,nan
54,8.89482,4.59349
55,nan,nan
56,nan,nan
57,8.89482,4.59349
58,8.89482,4.59349
59,8.89482,4.59349
60,8.89482,4.59349
61,nan,nan
62,8.89482,4.59349
63,8.89482,4.59349
64,nan,nan
65,nan,nan
66,8.89482,4.59349
67,nan,nan
68,nan,nan
69,-8.38988,7.75644
70,-8.10985,8.83852
71,8.89482,4.59349
72,-6.97251,-8.72196
73,nan,nan
74,8.89482,4.59349
75,nan,nan
76,8.89482,4.59349
77,nan,nan
78,8.89482,4.59349
79,8.89482,4.59349
80,nan,nan
81,nan,nan
82,nan,-inf
83,nan,nan
84,8.89482,4.59349
85,nan,nan
86,8.89482,4.59349
87,nan,nan
88,8.89482,4.59349
89,nan,nan
90,-6.40147,-7.70586
91,nan,nan
92,-7.01461,8.5439
93,8.89482,4.59349
94,-inf,nan
95,nan,nan
96,-6.04551,-9.38165
97,nan,nan
98,nan,nan
99,8.89482,4.59349
100,-10.6625,0.104109
101,8.89482,4.59349
102,8.89482,4.59349
103,8.89482,4.59349
104,nan,nan
105,8.89482,4.59349
106,nan,inf
107,8.89482,4.59349
108,nan,nan
109,nan,nan
110,8.89482,4.59349
111,nan,nan
112,8.89482,4.59349
113,8.89482,4.59349
114,-0.123686,-9.98664
115,nan,nan
116,-6.08958,9.18037
117,nan,nan
118,-inf,nan
119,8.89482,4.59349
120,nan,nan
121,nan,nan
122,8.89482,4.59349
123,8.89482,4.59349
124,8.89482,4.59349
125,nan,nan
126,nan,nan
127,8.89482,4.59349
128,nan,nan
129,nan,nan
130,nan,inf
131,nan,nan
132,nan,nan
133,nan,nan
134,nan,nan
135,nan,nan
136,8.89482,4.59349
137,8.89482,4.59349
138,9.81795,-4.42234
139,nan,nan
140,8.89482,4.59349
141,8.89482,4.59349
142,-3.54658,-11.4104
143,-4.125,-10.4665
144,nan,nan
145,nan,nan
146,nan,nan
147,8.89482,4.59349
148,8.89482,4.59349
149,nan,nan
150,8.89482,4.59349
151,nan,nan
152,nan,nan
153,8.89482,4.59349
154,nan,nan
155,8.89482,4.59349
156,8.89482,4.59349
157,nan,nan
158,8.89482,4.59349
159,8.89482,4.59349
160,-4.10296,10.3462
161,-3.64543,11.3716
162,8.89482,4.59349
163,-2.46735,-11.6128
164,8.89482,4.59349
165,nan,nan
166,11.097,-0.381564
167,8.89482,4.59349
168,8.89482,4.59349
169,8.89482,4.59349
170,inf,nan
171,inf,nan
172,8.89482,4.59349
173,8.89482,4.59349
174,-8.88061,-4.73766
175,8.89482,4.59349
176,8.89482,4.59349
177,nan,nan
178,-2.55873,11.6423
179,8.89482,4.59349
180,-1.37047,-11.4887
181,-2.01503,-10.5864
182,nan,nan
183,nan,nan
184,8.89482,4.59349
185,8.89482,4.59349
186,nan,nan
187,8.89482,4.59349
188,8.89482,4.59349
189,nan,nan
190,nan,nan
191,8.89482,4.59349
192,nan,nan
193,nan,nan
194,8.89482,4.59349
195,-2.06883,9.78995
196,nan,nan
197,8.89482,4.59349
198,8.89482,4.59349
199,nan,nan
200,nan,nan
201,8.89482,4.59349
202,8.89482,4.59349
203,nan,nan
204,nan,nan
205,8.89482,4.59349
206,8.89482,4.59349
207,nan,nan
208,nan,nan
209,8.89482,4.59349
210,8.89482,4.59349
211,-9.26965,3.70592
212,8.89482,4.59349
213,8.89482,4.59349
214,8.89482,4.59349
215,8.89482,4.59349
216,nan,nan
217,8.89482,4.59349
218,8.89482,4.59349
219,8.89482,4.59349
220,8.89482,4.59349
221,8.89482,4.59349
222,8.89482,4.59349
223,nan,nan
224,nan,nan
225,8.89482,4.59349
226,8.89482,4.59349
227,9.40324,-3.38585
228,0.990687,-9.98523
229,8.89482,4.59349
230,nan,nan
231,8.89482,4.59349
232,nan,nan
233,8.89482,4.59349
234,nan,nan
235,nan,nan
236,nan,nan
237,nan,nan
238,8.89482,4.59349
239,8.89482,4.59349
240,nan,nan
241,nan,nan
242,8.89482,4.59349
243,5.12196,9.46621
244,8.89482,4.59349
245,3.70537,-9.30623
246,9.34926,-5.67766
247,nan,nan
248,8.89482,4.59349
249,8.89482,4.59349
250,8.89482,4.59349
251,8.89482,4.59349
252,-inf,nan
253,-inf,nan
254,8.89482,4.59349
255,8.89482,4.59349
256,8.89482,4.59349
257,8.89482,4.59349
258,nan,nan
259,nan,nan
260,-8.86033,4.73478
261,8.89482,4.59349
262,3.56202,-11.4089
263,2.43912,-11.3932
264,8.89482,4.59349
265,nan,nan
266,8.89482,4.59349
267,8.89482,4.59349
268,8.89482,4.59349
269,8.89482,4.59349
270,8.89482,4.59349
271,8.89482,4.59349
272,8.89482,4.59349
273,8.89482,4.59349
274,nan,nan
275,8.89482,4.59349
276,nan,nan
277,nan,nan
278,9.98632,-0.343563
279,3.51471,11.2995
280,4.02935,-10.3893
281,4.79496,-9.57321
282,8.89482,4.59349
283,8.89482,4.59349
284,nan,nan
285,8.89482,4.59349
286,nan,nan
287,nan,nan
288,nan,nan
289,nan,nan
290,nan,nan
291,nan,nan
292,nan,nan
293,nan,nan
294,8.89482,4.59349
295,9.19286,3.51035
296,nan,nan
297,nan,nan
298,8.89482,4.59349
299,4.02492,10.2641
300,8.89482,4.59349
301,nan,nan
302,nan,nan
303,nan,nan
304,nan,nan
305,8.89482,4.59349
306,nan,nan
307,nan,nan
308,nan,nan
309,nan,nan
310,nan,nan
311,8.89482,4.59349
312,nan,-inf
313,8.89482,4.59349
314,nan,nan
315,8.89482,4.59349
316,8.89482,4.59349
317,8.89482,4.59349
318,nan,nan
319,8.89482,4.59349
320,nan,nan
321,nan,nan
322,nan,nan
323,nan,nan
324,8.89482,4.59349
325,inf,nan
326,8.89482,4.59349
327,8.89482,4.59349
328,nan,nan
329,2.09932,-9.81445
330,nan,nan
331,8.89482,4.59349
332,nan,nan
333,8.89482,4.59349
334,nan,nan
335,nan,nan
336,nan,nan
337,nan,inf
338,nan,nan
339,nan,nan
340,8.89482,4.59349
341,8.89482,4.59349
342,nan,nan
343,-5.4318,10.0792
344,nan,nan
345,-9.9573,1.40647
346,nan,nan
347,6.21093,9.61339
348,8.89482,4.59349
349,inf,nan
350,6.92305,-8.6567
351,nan,nan
352,8.89482,4.59349
353,nan,nan
354,8.89482,4.59349
355,8.89482,4.59349
356,8.89482,4.59349
357,8.89482,4.59349
358,8.89482,4.59349
359,nan,nan
360,nan,-inf
361,8.89482,4.59349
362,nan,nan
363,8.89482,4.59349
364,8.89482,4.59349
365,8.89482,4.59349
366,8.89482,4.59349
367,nan,nan
368,nan,nan
369,8.71655,7.83087
370,6.76087,8.64162
371,5.27777,-10.576
372,8.89482,4.59349
373,8.89482,4.59349
374,8.89482,4.59349
375,8.89482,4.59349
376,8.89482,4.59349
377,8.89482,4.59349
378,nan,nan
379,-3.05505,-10.2233
380,-9.88647,-1.92712
381,8.89482,4.59349
382,8.89482,4.59349
383,8.89482,4.59349
384,nan,nan
385,nan,nan
386,8.89482,4.59349
387,8.89482,4.59349
388,8.89482,4.59349
389,nan,nan
390,8.89482,4.59349
391,nan,nan
392,9.24367,-6.8183
393,6.63171,7.47486
394,7.60112,6.53383
395,8.89482,4.59349
396,nan,nan
397,8.89482,4.59349
398,nan,nan
399,8.89482,4.59349
400,0,0
401,8.89482,4.59349
402,9.88398,-1.43841
403,8.89482,4.59349
404,nan,nan
405,8.89482,4.59349
406,4.09716,9.11072
407,9.86849,5.15777
408,7.62289,7.93842
409,10.4188,-5.35026
410,8.89482,4.59349
411,nan,nan
412,8.89482,4.59349
413,8.89482,4.59349
414,nan,nan
415,nan,-inf
416,11.8591,0.932579
417,8.89482,4.59349
418,9.94087,4.17985
419,-4.60307,9.34373
420,10.0628,0.766619
421,-5.87771,8.09743
422,8.89482,4.59349
423,11.6851,-2.62674
424,3.11557,9.59668
425,8.89482,4.59349
426,nan,inf
427,8.89482,4.59349
428,10.9891,1.65476
429,0,0
430,8.89482,4.59349
431,nan,inf
0,-5.18644,-10.1164
1,8.89876,4.59712
2,nan,-inf
3,8.89876,4.59712
4,0,0
5,-10.4648,-4.18723
6,8.89876,4.59712
7,-10.8782,-3.13552
8,-10.9934,-1.99961
9,-11.1741,-0.891755
10,nan,inf
11,-0.82018,9.96517
12,5.70703,-8.31511
13,-11.3978,3.1789
14,8.89876,4.59712
15,8.20114,5.47835
16,-9.48454,-3.55654
17,-10.1108,-5.25466
18,8.89876,4.59712
19,-4.52093,-9.08228
20,0,0
21,8.89876,4.59712
22,8.89876,4.59712
23,nan,-inf
24,8.89876,4.59712
25,8.89876,4.59712
26,-10.5685,2.38066
27,-10.3404,3.47597
28,8.89876,4.59712
29,nan,nan
30,-0.347011,-11.0705
31,8.89876,4.59712
32,9.14586,5.69656
33,8.89876,4.59712
34,nan,nan
35,8.89876,4.59712
36,nan,nan
37,nan,nan
38,8.89876,4.59712
39,8.89876,4.59712
40,8.89876,4.59712
41,10.6683,-2.21113
42,nan,nan
43,nan,nan
44,nan,nan
45,8.89876,4.59712
46,8.89876,4.59712
47,8.89876,4.59712
48,-10.047,-0.826395
49,8.89876,4.59712
50,-7.50659,-7.738
51,-8.59565,-7.95335
52,8.89876,4.59712
53,nan,nan
54,8.89876,4.59712
55,nan,nan
56,nan,nan
57,8.89876,4.59712
58,8.89876,4.59712
59,8.89876,4.59712
60,8.89876,4.59712
61,nan,nan
62,8.89876,4.59712
63,8.89876,4.59712
64,nan,nan
65,nan,nan
66,8.89876,4.59712
67,nan,nan
68,nan,nan
69,-8.38273,7.75805
70,-8.1004,8.83957
71,8.89876,4.59712
72,-6.9613,-8.716
73,nan,nan
74,8.89876,4.59712
75,nan,nan
76,8.89876,4.59712
77,nan,nan
78,8.89876,4.59712
79,8.89876,4.59712
80,nan,nan
81,nan,nan
82,nan,-inf
83,nan,nan
84,8.89876,4.59712
85,nan,nan
86,8.89876,4.59712
87,nan,nan
88,8.89876,4.59712
89,nan,nan
90,-6.39693,-7.7229
91,nan,nan
92,-7.00474,8.53518
93,8.89876,4.59712
94,-inf,nan
95,nan,nan
96,-6.03744,-9.37537
97,nan,nan
98,nan,nan
99,8.89876,4.59712
100,-10.6586,0.113522
101,8.89876,4.59712
102,8.89876,4.59712
103,8.89876,4.59712
104,nan,nan
105,8.89876,4.59712
106,nan,inf
107,8.89876,4.59712
108,nan,nan
109,nan,nan
110,8.89876,4.59712
111,nan,nan
112,8.89876,4.59712
113,8.89876,4.59712
114,-0.126377,-9.995
115,nan,nan
116,-6.08414,9.18937
117,nan,nan
118,-inf,nan
119,8.89876,4.59712
120,nan,nan
121,nan,nan
122,8.89876,4.59712
123,8.89876,4.59712
124,8.89876,4.59712
125,nan,nan
126,nan,nan
127,8.89876,4.59712
128,nan,nan
129,nan,nan
130,nan,inf
131,nan,nan
132,nan,nan
133,nan,nan
134,nan,nan
135,nan,nan
136,8.89876,4.59712
137,8.89876,4.59712
138,9.80639,-4.43505
139,nan,nan
140,8.89876,4.59712
141,8.89876,4.59712
142,-3.54527,-11.3901
143,-4.13691,-10.4527
144,nan,nan
145,nan,nan
146,nan,nan
147,8.89876,4.59712
148,8.89876,4.59712
149,nan,nan
150,8.89876,4.59712
151,nan,nan
152,nan,nan
153,8.89876,4.59712
154,nan,nan
155,8.89876,4.59712
156,8.89876,4.59712
157,nan,nan
158,8.89876,4.59712
159,8.89876,4.59712
160,-4.12034,10.3443
161,-3.64738,11.368
162,8.89876,4.59712
163,-2.46758,-11.6061
164,8.89876,4.59712
165,nan,nan
166,11.0984,-0.371312
167,8.89876,4.59712
168,8.89876,4.59712
169,8.89876,4.59712
170,inf,nan
171,inf,nan
172,8.89876,4.59712
173,8.89876,4.59712
174,-8.91493,-4.72428
175,8.89876,4.59712
176,8.89876,4.59712
177,nan,nan
178,-2.55829,11.6387
179,8.89876,4.59712
180,-1.36678,-11.496
181,-2.00558,-10.5861
182,nan,nan
183,nan,nan
184,8.89876,4.59712
185,8.89876,4.59712
186,nan,nan
187,8.89876,4.59712
188,8.89876,4.59712
189,nan,nan
190,nan,nan
191,8.89876,4.59712
192,nan,nan
193,nan,nan
194,8.89876,4.59712
195,-2.04807,9.7964
196,nan,nan
197,8.89876,4.59712
198,8.89876,4.59712
199,nan,nan
200,nan,nan
201,8.89876,4.59712
202,8.89876,4.59712
203,nan,nan
204,nan,nan
205,8.89876,4.59712
206,8.89876,4.59712
207,nan,nan
208,nan,nan
209,8.89876,4.59712
210,8.89876,4.59712
211,-9.27907,3.71336
212,8.89876,4.59712
213,8.89876,4.59712
214,8.89876,4.59712
215,8.89876,4.59712
216,nan,nan
217,8.89876,4.59712
218,8.89876,4.59712
219,8.89876,4.59712
220,8.89876,4.59712
221,8.89876,4.59712
222,8.89876,4.59712
223,nan,nan
224,nan,nan
225,8.89876,4.59712
226,8.89876,4.59712
227,9.41049,-3.38212
228,0.992652,-9.98946
229,8.89876,4.59712
230,nan,nan
231,8.89876,4.59712
232,nan,nan
233,8.89876,4.59712
234,nan,nan
235,nan,nan
236,nan,nan
237,nan,nan
238,8.89876,4.59712
239,8.89876,4.59712
240,nan,nan
241,nan,nan
242,8.89876,4.59712
243,5.12085,9.48419
244,8.89876,4.59712
245,3.70276,-9.31442
246,9.35257,-5.66815
247,nan,nan
248,8.89876,4.59712
249,8.89876,4.59712
250,8.89876,4.59712
251,8.89876,4.59712
252,-inf,nan
253,-inf,nan
254,8.89876,4.59712
255,8.89876,4.59712
256,8.89876,4.59712
257,8.89876,4.59712
258,nan,nan
259,nan,nan
260,-8.85894,4.74119
261,8.89876,4.59712
262,3.56345,-11.4048
263,2.43941,-11.3824
264,8.89876,4.59712
265,nan,nan
266,8.89876,4.59712
267,8.89876,4.59712
268,8.89876,4.59712
269,8.89876,4.59712
270,8.89876,4.59712
271,8.89876,4.59712
272,8.89876,4.59712
273,8.89876,4.59712
274,nan,nan
275,8.89876,4.59712
276,nan,nan
277,nan,nan
278,9.99181,-0.334978
279,3.51997,11.282
280,4.0469,-10.3908
281,4.79891,-9.55974
282,8.89876,4.59712
283,8.89876,4.59712
284,nan,nan
285,8.89876,4.59712
286,nan,nan
287,nan,nan
288,nan,nan
289,nan,nan
290,nan,nan
291,nan,nan
292,nan,nan
293,nan,nan
294,8.89876,4.59712
295,9.2235,3.52087
296,nan,nan
297,nan,nan
298,8.89876,4.59712
299,4.03412,10.2524
300,8.89876,4.59712
301,nan,nan
302,nan,nan
303,nan,nan
304,nan,nan
305,8.89876,4.59712
306,nan,nan
307,nan,nan
308,nan,nan
309,nan,nan
310,nan,nan
311,8.89876,4.59712
312,nan,-inf
313,8.89876,4.59712
314,nan,nan
315,8.89876,4.59712
316,8.89876,4.59712
317,8.89876,4.59712
318,nan,nan
319,8.89876,4.59712
320,nan,nan
321,nan,nan
322,nan,nan
323,nan,nan
324,8.89876,4.59712
325,inf,nan
326,8.89876,4.59712
327,8.89876,4.59712
328,nan,nan
329,2.10695,-9.82182
330,nan,nan
331,8.89876,4.59712
332,nan,nan
333,8.89876,4.59712
334,nan,nan
335,nan,nan
336,nan,nan
337,nan,inf
338,nan,nan
339,nan,nan
340,8.89876,4.59712
341,8.89876,4.59712
342,nan,nan
343,-5.41775,10.0906
344,nan,nan
345,-9.96988,1.4057
346,nan,nan
347,6.22167,9.61468
348,8.89876,4.59712
349,inf,nan
350,6.89949,-8.65066
351,nan,nan
352,8.89876,4.59712
353,nan,nan
354,8.89876,4.59712
355,8.89876,4.59712
356,8.89876,4.59712
357,8.89876,4.59712
358,8.89876,4.59712
359,nan,nan
360,nan,-inf
361,8.89876,4.59712
362,nan,nan
363,8.89876,4.59712
364,8.89876,4.59712
365,8.89876,4.59712
366,8.89876,4.59712
367,nan,nan
368,nan,nan
369,8.72664,7.82417
370,6.75477,8.62739
371,5.25309,-10.5767
372,8.89876,4.59712
373,8.89876,4.59712
374,8.89876,4.59712
375,8.89876,4.59712
376,8.89876,4.59712
377,8.89876,4.59712
378,nan,nan
379,-3.05714,-10.2472
380,-9.88688,-1.93632
381,8.89876,4.59712
382,8.89876,4.59712
383,8.89876,4.59712
384,nan,nan
385,nan,nan
386,8.89876,4.59712
387,8.89876,4.59712
388,8.89876,4.59712
389,nan,nan
390,8.89876,4.59712
391,nan,nan
392,9.24638,-6.80576
393,6.63346,7.47973
394,7.68051,6.43378
395,8.89876,4.59712
396,nan,nan
397,8.89876,4.59712
398,nan,nan
399,8.89876,4.59712
400,0,0
401,8.89876,4.59712
402,9.89328,-1.43628
403,8.89876,4.59712
404,nan,nan
405,8.89876,4.59712
406,4.0931,9.12028
407,9.89782,5.11999
408,7.63,7.93226
409,10.4246,-5.35834
410,8.89876,4.59712
411,nan,nan
412,8.89876,4.59712
413,8.89876,4.59712
414,nan,nan
415,nan,-inf
416,11.8466,0.923891
417,8.89876,4.59712
418,9.94276,4.17319
419,-4.61047,9.33345
420,10.0907,0.779204
421,-5.89434,8.09892
422,8.89876,4.59712
423,11.6937,-2.63008
424,3.10587,9.61038
425,8.89876,4.59712
426,nan,inf
427,8.89876,4.59712
428,10.9736,1.63443
429,0,0
430,8.89876,4.59712
431,nan,inf
0,-5.18796,-10.0939
1,8.90237,4.5997
2,nan,-inf
3,8.90237,4.5997
4,0,0
5,-10.4508,-4.17991
6,8.90237,4.5997
7,-10.8572,-3.1275
8,-10.9937,-1.99971
9,-11.1676,-0.891651
10,nan,inf
11,-0.843607,9.96389
12,5.72223,-8.33073
13,-11.403,3.16629
14,8.90237,4.5997
15,8.12674,5.41045
16,-9.49979,-3.57525
17,-10.0888,-5.2405
18,8.90237,4.5997
19,-4.53679,-9.12008
20,0,0
21,8.90237,4.5997
22,8.90237,4.5997
23,nan,-inf
24,8.90237,4.5997
25,8.90237,4.5997
26,-10.5702,2.38022
27,-10.3457,3.47725
28,8.90237,4.5997
29,nan,nan
30,-0.341448,-11.0765
31,8.90237,4.5997
32,9.09929,5.70674
33,8.90237,4.5997
34,nan,nan
35,8.90237,4.5997
36,nan,nan
37,nan,nan
38,8.90237,4.5997
39,8.90237,4.5997
40,8.90237,4.5997
41,10.6678,-2.21903
42,nan,nan
43,nan,nan
44,nan,nan
45,8.90237,4.5997
46,8.90237,4.5997
47,8.90237,4.5997
48,-10.0539,-0.834249
49,8.90237,4.5997
50,-7.50649,-7.73656
51,-8.59796,-7.95615
52,8.90237,4.5997
53,nan,nan
54,8.90237,4.5997
55,nan,nan
56,nan,nan
57,8.90237,4.5997
58,8.90237,4.5997
59,8.90237,4.5997
60,8.90237,4.5997
61,nan,nan
62,8.90237,4.5997
63,8.90237,4.5997
64,nan,nan
65,nan,nan
66,8.90237,4.5997
67,nan,nan
68,nan,nan
69,-8.37548,7.75964
70,-8.09022,8.84036
71,8.90237,4.5997
72,-6.95572,-8.71339
73,nan,nan
74,8.90237,4.5997
75,nan,nan
76,8.90237,4.5997
77,nan,nan
78,8.90237,4.5997
79,8.90237,4.5997
80,nan,nan
81,nan,nan
82,nan,-inf
83,nan,nan
84,8.90237,4.5997
85,nan,nan
86,8.90237,4.5997
87,nan,nan
88,8.90237,4.5997
89,nan,nan
90,-6.39246,-7.73471
91,nan,nan
92,-6.99604,8.52965
93,8.90237,4.5997
94,-inf,nan
95,nan,nan
96,-6.0329,-9.36437
97,nan,nan
98,nan,nan
99,8.90237,4.5997
100,-10.6539,0.119214
101,8.90237,4.5997
102,8.90237,4.5997
103,8.90237,4.5997
104,nan,nan
105,8.90237,4.5997
106,nan,inf
107,8.90237,4.5997
108,nan,nan
109,nan,nan
110,8.90237,4.5997
111,nan,nan
112,8.90237,4.5997
113,8.90237,4.5997
114,-0.127326,-9.99224
115,nan,nan
116,-6.07777,9.1974
117,nan,nan
118,-inf,nan
119,8.90237,4.5997
120,nan,nan
121,nan,nan
122,8.90237,4.5997
123,8.90237,4.5997
124,8.90237,4.5997
125,nan,nan
126,nan,nan
127,8.90237,4.5997
128,nan,nan
129,nan,nan
130,nan,inf
131,nan,nan
132,nan,nan
133,nan,nan
134,nan,nan
135,nan,nan
136,8.90237,4.5997
137,8.90237,4.5997
138,9.79455,-4.44791
139,nan,nan
140,8.90237,4.5997
141,8.90237,4.5997
142,-3.5434,-11.3694
143,-4.14541,-10.4374
144,nan,nan
145,nan,nan
146,nan,nan
147,8.90237,4.5997
148,8.90237,4.5997
149,nan,nan
150,8.90237,4.5997
151,nan,nan
152,nan,nan
153,8.90237,4.5997
154,nan,nan
155,8.90237,4.5997
156,8.90237,4.5997
157,nan,nan
158,8.90237,4.5997
159,8.90237,4.5997
160,-4.13939,10.3428
161,-3.64927,11.3627
162,8.90237,4.5997
163,-2.46793,-11.599
164,8.90237,4.5997
165,nan,nan
166,11.1005,-0.359021
167,8.90237,4.5997
168,8.90237,4.5997
169,8.90237,4.5997
170,inf,nan
171,inf,nan
172,8.90237,4.5997
173,8.90237,4.5997
174,-8.9535,-4.71013
175,8.90237,4.5997
176,8.90237,4.5997
177,nan,nan
178,-2.55883,11.6349
179,8.90237,4.5997
180,-1.36396,-11.5017
181,-1.99629,-10.5852
182,nan,nan
183,nan,nan
184,8.90237,4.5997
185,8.90237,4.5997
186,nan,nan
187,8.90237,4.5997
188,8.90237,4.5997
189,nan,nan
190,nan,nan
191,8.90237,4.5997
192,nan,nan
193,nan,nan
194,8.90237,4.5997
195,-2.02772,9.80272
196,nan,nan
197,8.90237,4.5997
198,8.90237,4.5997
199,nan,nan
200,nan,nan
201,8.90237,4.5997
202,8.90237,4.5997
203,nan,nan
204,nan,nan
205,8.90237,4.5997
206,8.90237,4.5997
207,nan,nan
208,nan,nan
209,8.90237,4.5997
210,8.90237,4.5997
211,-9.27431,3.714
212,8.90237,4.5997
213,8.90237,4.5997
214,8.90237,4.5997
215,8.90237,4.5997
216,nan,nan
217,8.90237,4.5997
218,8.90237,4.5997
219,8.90237,4.5997
220,8.90237,4.5997
221,8.90237,4.5997
222,8.90237,4.5997
223,nan,nan
224,nan,nan
225,8.90237,4.5997
226,8.90237,4.5997
227,9.41663,-3.38129
228,0.994588,-9.99346
229,8.90237,4.5997
230,nan,nan
231,8.90237,4.5997
232,nan,nan
233,8.90237,4.5997
234,nan,nan
235,nan,nan
236,nan,nan
237,nan,nan
238,8.90237,4.5997
239,8.90237,4.5997
240,nan,nan
241,nan,nan
242,8.90237,4.5997
243,5.11757,9.50163
244,8.90237,4.5997
245,3.70068,-9.32275
246,9.35504,-5.65693
247,nan,nan
248,8.90237,4.5997
249,8.90237,4.5997
250,8.90237,4.5997
251,8.90237,4.5997
252,-inf,nan
253,-inf,nan
254,8.90237,4.5997
255,8.90237,4.5997
256,8.90237,4.5997
257,8.90237,4.5997
258,nan,nan
259,nan,nan
260,-8.85815,4.74602
261,8.90237,4.5997
262,3.5648,-11.3999
263,2.44007,-11.3711
264,8.90237,4.5997
265,nan,nan
266,8.90237,4.5997
267,8.90237,4.5997
268,8.90237,4.5997
269,8.90237,4.5997
270,8.90237,4.5997
271,8.90237,4.5997
272,8.90237,4.5997
273,8.90237,4.5997
274,nan,nan
275,8.90237,4.5997
276,nan,nan
277,nan,nan
278,9.99064,-0.326863
279,3.52449,11.2654
280,4.06309,-10.3922
281,4.80243,-9.54704
282,8.90237,4.5997
283,8.90237,4.5997
284,nan,nan
285,8.90237,4.5997
286,nan,nan
287,nan,nan
288,nan,nan
289,nan,nan
290,nan,nan
291,nan,nan
292,nan,nan
293,nan,nan
294,8.90237,4.5997
295,9.13163,3.50009
296,nan,nan
297,nan,nan
298,8.90237,4.5997
299,4.04437,10.2447
300,8.90237,4.5997
301,nan,nan
302,nan,nan
303,nan,nan
304,nan,nan
305,8.90237,4.5997
306,nan,nan
307,nan,nan
308,nan,nan
309,nan,nan
310,nan,nan
311,8.90237,4.5997
312,nan,-inf
313,8.90237,4.5997
314,nan,nan
315,8.90237,4.5997
316,8.90237,4.5997
317,8.90237,4.5997
318,nan,nan
319,8.90237,4.5997
320,nan,nan
321,nan,nan
322,nan,nan
323,nan,nan
324,8.90237,4.5997
325,inf,nan
326,8.90237,4.5997
327,8.90237,4.5997
328,nan,nan
329,2.11274,-9.83004
330,nan,nan
331,8.90237,4.5997
332,nan,nan
333,8.90237,4.5997
334,nan,nan
335,nan,nan
336,nan,nan
337,nan,inf
338,nan,nan
339,nan,nan
340,8.90237,4.5997
341,8.90237,4.5997
342,nan,nan
343,-5.40448,10.1003
344,nan,nan
345,-9.98188,1.40291
346,nan,nan
347,6.22751,9.61325
348,8.90237,4.5997
349,inf,nan
350,6.87629,-8.645
351,nan,nan
352,8.90237,4.5997
353,nan,nan
354,8.90237,4.5997
355,8.90237,4.5997
356,8.90237,4.5997
357,8.90237,4.5997
358,8.90237,4.5997
359,nan,nan
360,nan,-inf
361,8.90237,4.5997
362,nan,nan
363,8.90237,4.5997
364,8.90237,4.5997
365,8.90237,4.5997
366,8.90237,4.5997
367,nan,nan
368,nan,nan
369,8.73475,7.81786
370,6.75027,8.61812
371,5.22957,-10.5771
372,8.90237,4.5997
373,8.90237,4.5997
374,8.90237,4.5997
375,8.90237,4.5997
376,8.90237,4.5997
377,8.90237,4.5997
378,nan,nan
379,-3.05784,-10.2736
380,-9.88754,-1.94514
381,8.90237,4.5997
382,8.90237,4.5997
383,8.90237,4.5997
384,nan,nan
385,nan,nan
386,8.90237,4.5997
387,8.90237,4.5997
388,8.90237,4.5997
389,nan,nan
390,8.90237,4.5997
391,nan,nan
392,9.24918,-6.79375
393,6.62968,7.48151
394,7.75135,6.36902
395,8.90237,4.5997
396,nan,nan
397,8.90237,4.5997
398,nan,nan
399,8.90237,4.5997
400,0,0
401,8.90237,4.5997
402,9.89351,-1.43206
403,8.90237,4.5997
404,nan,nan
405,8.90237,4.5997
406,4.08774,9.11926
407,9.89964,5.11995
408,7.63511,7.93007
409,10.4301,-5.36353
410,8.90237,4.5997
411,nan,nan
412,8.90237,4.5997
413,8.90237,4.5997
414,nan,nan
415,nan,-inf
416,11.8343,0.913022
417,8.90237,4.5997
418,9.9238,4.12944
419,-4.61753,9.32371
420,10.1181,0.787453
421,-5.90864,8.1012
422,8.90237,4.5997
423,11.6996,-2.63226
424,3.10125,9.62264
425,8.90237,4.5997
426,nan,inf
427,8.90237,4.5997
428,10.958,1.61594
429,0,0
430,8.90237,4.5997
431,nan,inf
0,-5.19342,-10.0823
1,8.90695,4.60224
2,nan,-inf
3,8.90695,4.60224
4,0,0
5,-10.4466,-4.17825
6,8.90695,4.60224
7,-10.8347,-3.12032
8,-10.9944,-1.99808
9,-11.166,-0.889986
10,nan,inf
11,-0.862461,9.96178
12,5.73295,-8.34549
13,-11.4069,3.15566
14,8.90695,4.60224
15,8.17338,5.45108
16,-9.50544,-3.58778
17,-10.0657,-5.22762
18,8.90695,4.60224
19,-4.54743,-9.15194
20,0,0
21,8.90695,4.60224
22,8.90695,4.60224
23,nan,-inf
24,8.90695,4.60224
25,8.90695,4.60224
26,-10.5711,2.37973
27,-10.3499,3.47824
28,8.90695,4.60224
29,nan,nan
30,-0.336897,-11.0807
31,8.90695,4.60224
32,9.13301,5.70481
33,8.90695,4.60224
34,nan,nan
35,8.90695,4.60224
36,nan,nan
37,nan,nan
38,8.90695,4.60224
39,8.90695,4.60224
40,8.90695,4.60224
41,10.666,-2.22494
42,nan,nan
43,nan,nan
44,nan,nan
45,8.90695,4.60224
46,8.90695,4.60224
47,8.90695,4.60224
48,-10.0567,-0.841188
49,8.90695,4.60224
50,-7.50541,-7.73582
51,-8.59851,-7.95859
52,8.90695,4.60224
53,nan,nan
54,8.90695,4.60224
55,nan,nan
56,nan,nan
57,8.90695,4.60224
58,8.90695,4.60224
59,8.90695,4.60224
60,8.90695,4.60224
61,nan,nan
62,8.90695,4.60224
63,8.90695,4.60224
64,nan,nan
65,nan,nan
66,8.90695,4.60224
67,nan,nan
68,nan,nan
69,-8.36813,7.76124
70,-8.08035,8.84125
71,8.90695,4.60224
72,-6.95478,-8.71274
73,nan,nan
74,8.90695,4.60224
75,nan,nan
76,8.90695,4.60224
77,nan,nan
78,8.90695,4.60224
79,8.90695,4.60224
80,nan,nan
81,nan,nan
82,nan,-inf
83,nan,nan
84,8.90695,4.60224
85,nan,nan
86,8.90695,4.60224
87,nan,nan
88,8.90695,4.60224
89,nan,nan
90,-6.38813,-7.74315
91,nan,nan
92,-6.98917,8.52725
93,8.90695,4.60224
94,-inf,nan
95,nan,nan
96,-6.02924,-9.35108
97,nan,nan
98,nan,nan
99,8.90695,4.60224
100,-10.6483,0.122138
101,8.90695,4.60224
102,8.90695,4.60224
103,8.90695,4.60224
104,nan,nan
105,8.90695,4.60224
106,nan,inf
107,8.90695,4.60224
108,nan,nan
109,nan,nan
110,8.90695,4.60224
111,nan,nan
112,8.90695,4.60224
113,8.90695,4.60224
114,-0.127514,-9.99403
115,nan,nan
116,-6.07067,9.20435
117,nan,nan
118,-inf,nan
119,8.90695,4.60224
120,nan,nan
121,nan,nan
122,8.90695,4.60224
123,8.90695,4.60224
124,8.90695,4.60224
125,nan,nan
126,nan,nan
127,8.90695,4.60224
128,nan,nan
129,nan,nan
130,nan,inf
131,nan,nan
132,nan,nan
133,nan,nan
134,nan,nan
135,nan,nan
136,8.90695,4.60224
137,8.90695,4.60224
138,9.78254,-4.4609
139,nan,nan
140,8.90695,4.60224
141,8.90695,4.60224
142,-3.54293,-11.3518
143,-4.15103,-10.4207
144,nan,nan
145,nan,nan
146,nan,nan
147,8.90695,4.60224
148,8.90695,4.60224
149,nan,nan
150,8.90695,4.60224
151,nan,nan
152,nan,nan
153,8.90695,4.60224
154,nan,nan
155,8.90695,4.60224
156,8.90695,4.60224
157,nan,nan
158,8.90695,4.60224
159,8.90695,4.60224
160,-4.15966,10.3415
161,-3.65124,11.3561
162,8.90695,4.60224
163,-2.46859,-11.5911
164,8.90695,4.60224
165,nan,nan
166,11.102,-0.344151
167,8.90695,4.60224
168,8.90695,4.60224
169,8.90695,4.60224
170,inf,nan
171,inf,nan
172,8.90695,4.60224
173,8.90695,4.60224
174,-8.99367,-4.69527
175,8.90695,4.60224
176,8.90695,4.60224
177,nan,nan
178,-2.56007,11.6308
179,8.90695,4.60224
180,-1.36159,-11.5062
181,-1.98663,-10.5837
182,nan,nan
183,nan,nan
184,8.90695,4.60224
185,8.90695,4.60224
186,nan,nan
187,8.90695,4.60224
188,8.90695,4.60224
189,nan,nan
190,nan,nan
191,8.90695,4.60224
192,nan,nan
193,nan,nan
194,8.90695,4.60224
195,-2.01173,9.80837
196,nan,nan
197,8.90695,4.60224
198,8.90695,4.60224
199,nan,nan
200,nan,nan
201,8.90695,4.60224
202,8.90695,4.60224
203,nan,nan
204,nan,nan
205,8.90695,4.60224
206,8.90695,4.60224
207,nan,nan
208,nan,nan
209,8.90695,4.60224
210,8.90695,4.60224
211,-9.27674,3.71668
212,8.90695,4.60224
213,8.90695,4.60224
214,8.90695,4.60224
215,8.90695,4.60224
216,nan,nan
217,8.90695,4.60224
218,8.90695,4.60224
219,8.90695,4.60224
220,8.90695,4.60224
221,8.90695,4.60224
222,8.90695,4.60224
223,nan,nan
224,nan,nan
225,8.90695,4.60224
226,8.90695,4.60224
227,9.42371,-3.38292
228,0.996453,-9.99737
229,8.90695,4.60224
230,nan,nan
231,8.90695,4.60224
232,nan,nan
233,8.90695,4.60224
234,nan,nan
235,nan,nan
236,nan,nan
237,nan,nan
238,8.90695,4.60224
239,8.90695,4.60224
240,nan,nan
241,nan,nan
242,8.90695,4.60224
243,5.11272,9.51892
244,8.90695,4.60224
245,3.69888,-9.3306
246,9.35701,-5.64465
247,nan,nan
248,8.90695,4.60224
249,8.90695,4.60224
250,8.90695,4.60224
251,8.90695,4.60224
252,-inf,nan
253,-inf,nan
254,8.90695,4.60224
255,8.90695,4.60224
256,8.90695,4.60224
257,8.90695,4.60224
258,nan,nan
259,nan,nan
260,-8.8578,4.74958
261,8.90695,4.60224
262,3.56602,-11.3946
263,2.44091,-11.3591
264,8.90695,4.60224
265,nan,nan
266,8.90695,4.60224
267,8.90695,4.60224
268,8.90695,4.60224
269,8.90695,4.60224
270,8.90695,4.60224
271,8.90695,4.60224
272,8.90695,4.60224
273,8.90695,4.60224
274,nan,nan
275,8.90695,4.60224
276,nan,nan
277,nan,nan
278,9.99082,-0.320526
279,3.5281,11.2499
280,4.07485,-10.3926
281,4.80553,-9.53591
282,8.90695,4.60224
283,8.90695,4.60224
284,nan,nan
285,8.90695,4.60224
286,nan,nan
287,nan,nan
288,nan,nan
289,nan,nan
290,nan,nan
291,nan,nan
292,nan,nan
293,nan,nan
294,8.90695,4.60224
295,9.18933,3.51459
296,nan,nan
297,nan,nan
298,8.90695,4.60224
299,4.05589,10.2389
300,8.90695,4.60224
301,nan,nan
302,nan,nan
303,nan,nan
304,nan,nan
305,8.90695,4.60224
306,nan,nan
307,nan,nan
308,nan,nan
309,nan,nan
310,nan,nan
311,8.90695,4.60224
312,nan,-inf
313,8.90695,4.60224
314,nan,nan
315,8.90695,4.60224
316,8.90695,4.60224
317,8.90695,4.60224
318,nan,nan
319,8.90695,4.60224
320,nan,nan
321,nan,nan
322,nan,nan
323,nan,nan
324,8.90695,4.60224
325,inf,nan
326,8.90695,4.60224
327,8.90695,4.60224
328,nan,nan
329,2.11754,-9.83908
330,nan,nan
331,8.90695,4.60224
332,nan,nan
333,8.90695,4.60224
334,nan,nan
335,nan,nan
336,nan,nan
337,nan,inf
338,nan,nan
339,nan,nan
340,8.90695,4.60224
341,8.90695,4.60224
342,nan,nan
343,-5.39179,10.1089
344,nan,nan
345,-9.99351,1.3985
346,nan,nan
347,6.22971,9.61073
348,8.90695,4.60224
349,inf,nan
350,6.85696,-8.64068
351,nan,nan
352,8.90695,4.60224
353,nan,nan
354,8.90695,4.60224
355,8.90695,4.60224
356,8.90695,4.60224
357,8.90695,4.60224
358,8.90695,4.60224
359,nan,nan
360,nan,-inf
361,8.90695,4.60224
362,nan,nan
363,8.90695,4.60224
364,8.90695,4.60224
365,8.90695,4.60224
366,8.90695,4.60224
367,nan,nan
368,nan,nan
369,8.74039,7.81143
370,6.74726,8.61212
371,5.21079,-10.5772
372,8.90695,4.60224
373,8.90695,4.60224
374,8.90695,4.60224
375,8.90695,4.60224
376,8.90695,4.60224
377,8.90695,4.60224
378,nan,nan
379,-3.05631,-10.2986
380,-9.88842,-1.95379
381,8.90695,4.60224
382,8.90695,4.60224
383,8.90695,4.60224
384,nan,nan
385,nan,nan
386,8.90695,4.60224
387,8.90695,4.60224
388,8.90695,4.60224
389,nan,nan
390,8.90695,4.60224
391,nan,nan
392,9.25212,-6.78168
393,6.62779,7.48284
394,7.78366,6.38587
395,8.90695,4.60224
396,nan,nan
397,8.90695,4.60224
398,nan,nan
399,8.90695,4.60224
400,0,0
401,8.90695,4.60224
402,9.89451,-1.42845
403,8.90695,4.60224
404,nan,nan
405,8.90695,4.60224
406,4.08557,9.12052
407,9.90569,5.12252
408,7.63827,7.92787
409,10.4352,-5.3671
410,8.90695,4.60224
411,nan,nan
412,8.90695,4.60224
413,8.90695,4.60224
414,nan,nan
415,nan,-inf
416,11.8213,0.900216
417,8.90695,4.60224
418,9.94067,4.15684
419,-4.62458,9.31423
420,10.1417,0.789581
421,-5.91911,8.1034
422,8.90695,4.60224
423,11.7033,-2.6335
424,3.10033,9.63421
425,8.90695,4.60224
426,nan,inf
427,8.90695,4.60224
428,10.9467,1.60268
429,0,0
430,8.90695,4.60224
431,nan,inf
0,-5.20372,-10.0821
1,8.91082,4.60449
2,nan,-inf
3,8.91082,4.60449
4,0,0
5,-10.447,-4.17893
6,8.91082,4.60449
7,-10.8107,-3.11308
8,-10.9952,-1.99547
9,-11.1662,-0.887321
10,nan,inf
11,-0.874101,9.96068
12,5.73677,-8.35892
13,-11.4096,3.14685
14,8.91082,4.60449
15,8.26453,5.52185
16,-9.50767,-3.59538
17,-10.0469,-5.21834
18,8.91082,4.60449
19,-4.5514,-9.1762
20,0,0
21,8.91082,4.60449
22,8.91082,4.60449
23,nan,-inf
24,8.91082,4.60449
25,8.91082,4.60449
26,-10.5711,2.37915
27,-10.3521,3.4791
28,8.91082,4.60449
29,nan,nan
30,-0.333235,-11.082
31,8.91082,4.60449
32,9.18155,5.70131
33,8.91082,4.60449
34,nan,nan
35,8.91082,4.60449
36,nan,nan
37,nan,nan
38,8.91082,4.60449
39,8.91082,4.60449
40,8.91082,4.60449
41,10.6634,-2.22944
42,nan,nan
43,nan,nan
44,nan,nan
45,8.91082,4.60449
46,8.91082,4.60449
47,8.91082,4.60449
48,-10.0583,-0.847988
49,8.91082,4.60449
50,-7.50384,-7.73509
51,-8.59787,-7.96081
52,8.91082,4.60449
53,nan,nan
54,8.91082,4.60449
55,nan,nan
56,nan,nan
57,8.91082,4.60449
58,8.91082,4.60449
59,8.91082,4.60449
60,8.91082,4.60449
61,nan,nan
62,8.91082,4.60449
63,8.91082,4.60449
64,nan,nan
65,nan,nan
66,8.91082,4.60449
67,nan,nan
68,nan,nan
69,-8.36071,7.76286
70,-8.07157,8.84247
71,8.91082,4.60449
72,-6.95671,-8.71311
73,nan,nan
74,8.91082,4.60449
75,nan,nan
76,8.91082,4.60449
77,nan,nan
78,8.91082,4.60449
79,8.91082,4.60449
80,nan,nan
81,nan,nan
82,nan,-inf
83,nan,nan
84,8.91082,4.60449
85,nan,nan
86,8.91082,4.60449
87,nan,nan
88,8.91082,4.60449
89,nan,nan
90,-6.38426,-7.75008
91,nan,nan
92,-6.98382,8.52752
93,8.91082,4.60449
94,-inf,nan
95,nan,nan
96,-6.02496,-9.33703
97,nan,nan
98,nan,nan
99,8.91082,4.60449
100,-10.6422,0.123504
101,8.91082,4.60449
102,8.91082,4.60449
103,8.91082,4.60449
104,nan,nan
105,8.91082,4.60449
106,nan,inf
107,8.91082,4.60449
108,nan,nan
109,nan,nan
110,8.91082,4.60449
111,nan,nan
112,8.91082,4.60449
113,8.91082,4.60449
114,-0.127396,-9.99562
115,nan,nan
116,-6.06286,9.21017
117,nan,nan
118,-inf,nan
119,8.91082,4.60449
120,nan,nan
121,nan,nan
122,8.91082,4.60449
123,8.91082,4.60449
124,8.91082,4.60449
125,nan,nan
126,nan,nan
127,8.91082,4.60449
128,nan,nan
129,nan,nan
130,nan,inf
131,nan,nan
132,nan,nan
133,nan,nan
134,nan,nan
135,nan,nan
136,8.91082,4.60449
137,8.91082,4.60449
138,9.77069,-4.47375
139,nan,nan
140,8.91082,4.60449
141,8.91082,4.60449
142,-3.54593,-11.3399
143,-4.15418,-10.403
144,nan,nan
145,nan,nan
146,nan,nan
147,8.91082,4.60449
148,8.91082,4.60449
149,nan,nan
150,8.91082,4.60449
151,nan,nan
152,nan,nan
153,8.91082,4.60449
154,nan,nan
155,8.91082,4.60449
156,8.91082,4.60449
157,nan,nan
158,8.91082,4.60449
159,8.91082,4.60449
160,-4.18018,10.3404
161,-3.65331,11.3485
162,8.91082,4.60449
163,-2.47003,-11.5821
164,8.91082,4.60449
165,nan,nan
166,11.1016,-0.326156
167,8.91082,4.60449
168,8.91082,4.60449
169,8.91082,4.60449
170,inf,nan
171,inf,nan
172,8.91082,4.60449
173,8.91082,4.60449
174,-9.02914,-4.67917
175,8.91082,4.60449
176,8.91082,4.60449
177,nan,nan
178,-2.56187,11.6266
179,8.91082,4.60449
180,-1.35952,-11.5099
181,-1.97644,-10.5814
182,nan,nan
183,nan,nan
184,8.91082,4.60449
185,8.91082,4.60449
186,nan,nan
187,8.91082,4.60449
188,8.91082,4.60449
189,nan,nan
190,nan,nan
191,8.91082,4.60449
192,nan,nan
193,nan,nan
194,8.91082,4.60449
195,-2.0029,9.81302
196,nan,nan
197,8.91082,4.60449
198,8.91082,4.60449
199,nan,nan
200,nan,nan
201,8.91082,4.60449
202,8.91082,4.60449
203,nan,nan
204,nan,nan
205,8.91082,4.60449
206,8.91082,4.60449
207,nan,nan
208,nan,nan
209,8.91082,4.60449
210,8.91082,4.60449
211,-9.27917,3.71783
212,8.91082,4.60449
213,8.91082,4.60449
214,8.91082,4.60449
215,8.91082,4.60449
216,nan,nan
217,8.91082,4.60449
218,8.91082,4.60449
219,8.91082,4.60449
220,8.91082,4.60449
221,8.91082,4.60449
222,8.91082,4.60449
223,nan,nan
224,nan,nan
225,8.91082,4.60449
226,8.91082,4.60449
227,9.43132,-3.38613
228,0.998217,-10.0013
229,8.91082,4.60449
230,nan,nan
231,8.91082,4.60449
232,nan,nan
233,8.91082,4.60449
234,nan,nan
235,nan,nan
236,nan,nan
237,nan,nan
238,8.91082,4.60449
239,8.91082,4.60449
240,nan,nan
241,nan,nan
242,8.91082,4.60449
243,5.10596,9.53582
244,8.91082,4.60449
245,3.69714,-9.33702
246,9.35858,-5.63202
247,nan,nan
248,8.91082,4.60449
249,8.91082,4.60449
250,8.91082,4.60449
251,8.91082,4.60449
252,-inf,nan
253,-inf,nan
254,8.91082,4.60449
255,8.91082,4.60449
256,8.91082,4.60449
257,8.91082,4.60449
258,nan,nan
259,nan,nan
260,-8.85791,4.75196
261,8.91082,4.60449
262,3.56692,-11.3895
263,2.44176,-11.3462
264,8.91082,4.60449
265,nan,nan
266,8.91082,4.60449
267,8.91082,4.60449
268,8.91082,4.60449
269,8.91082,4.60449
270,8.91082,4.60449
271,8.91082,4.60449
272,8.91082,4.60449
273,8.91082,4.60449
274,nan,nan
275,8.91082,4.60449
276,nan,nan
277,nan,nan
278,9.99153,-0.316986
279,3.53092,11.2354
280,4.08115,-10.3917
281,4.80801,-9.52709
282,8.91082,4.60449
283,8.91082,4.60449
284,nan,nan
285,8.91082,4.60449
286,nan,nan
287,nan,nan
288,nan,nan
289,nan,nan
290,nan,nan
291,nan,nan
292,nan,nan
293,nan,nan
294,8.91082,4.60449
295,9.29122,3.54487
296,nan,nan
297,nan,nan
298,8.91082,4.60449
299,4.0686,10.2332
300,8.91082,4.60449
301,nan,nan
302,nan,nan
303,nan,nan
304,nan,nan
305,8.91082,4.60449
306,nan,nan
307,nan,nan
308,nan,nan
309,nan,nan
310,nan,nan
311,8.91082,4.60449
312,nan,-inf
313,8.91082,4.60449
314,nan,nan
315,8.91082,4.60449
316,8.91082,4.60449
317,8.91082,4.60449
318,nan,nan
319,8.91082,4.60449
320,nan,nan
321,nan,nan
322,nan,nan
323,nan,nan
324,8.91082,4.60449
325,inf,nan
326,8.91082,4.60449
327,8.91082,4.60449
328,nan,nan
329,2.12177,-9.84896
330,nan,nan
331,8.91082,4.60449
332,nan,nan
333,8.91082,4.60449
334,nan,nan
335,nan,nan
336,nan,nan
337,nan,inf
338,nan,nan
339,nan,nan
340,8.91082,4.60449
341,8.91082,4.60449
342,nan,nan
343,-5.38019,10.1167
344,nan,nan
345,-10.005,1.39277
346,nan,nan
347,6.22911,9.60761
348,8.91082,4.60449
349,inf,nan
350,6.84394,-8.63819
351,nan,nan
352,8.91082,4.60449
353,nan,nan
354,8.91082,4.60449
355,8.91082,4.60449
356,8.91082,4.60449
357,8.91082,4.60449
358,8.91082,4.60449
359,nan,nan
360,nan,-inf
361,8.91082,4.60449
362,nan,nan
363,8.91082,4.60449
364,8.91082,4.60449
365,8.91082,4.60449
366,8.91082,4.60449
367,nan,nan
368,nan,nan
369,8.74376,7.80454
370,6.74534,8.60744
371,5.19854,-10.577
372,8.91082,4.60449
373,8.91082,4.60449
374,8.91082,4.60449
375,8.91082,4.60449
376,8.91082,4.60449
377,8.91082,4.60449
378,nan,nan
379,-3.05235,-10.3185
380,-9.88954,-1.96254
381,8.91082,4.60449
382,8.91082,4.60449
383,8.91082,4.60449
384,nan,nan
385,nan,nan
386,8.91082,4.60449
387,8.91082,4.60449
388,8.91082,4.60449
389,nan,nan
390,8.91082,4.60449
391,nan,nan
392,9.25516,-6.7694
393,6.62761,7.48366
394,7.83026,6.39696
395,8.91082,4.60449
396,nan,nan
397,8.91082,4.60449
398,nan,nan
399,8.91082,4.60449
400,0,0
401,8.91082,4.60449
402,9.89468,-1.42585
403,8.91082,4.60449
404,nan,nan
405,8.91082,4.60449
406,4.08546,9.12299
407,9.91173,5.12695
408,7.63979,7.9245
409,10.4401,-5.36969
410,8.91082,4.60449
411,nan,nan
412,8.91082,4.60449
413,8.91082,4.60449
414,nan,nan
415,nan,-inf
416,11.8072,0.885278
417,8.91082,4.60449
418,9.96367,4.19625
419,-4.63194,9.30502
420,10.1603,0.785884
421,-5.92552,8.10538
422,8.91082,4.60449
423,11.705,-2.634
424,3.10208,9.64543
425,8.91082,4.60449
426,nan,inf
427,8.91082,4.60449
428,10.9415,1.59631
429,0,0
430,8.91082,4.60449
431,nan,inf
